frameMs,draws,vsB0,vsB1,vsB2,vsB3,psB0,psB1,psB2,psB3,vbLocks,vbDiscards,ibLocks,ibDiscards
0.00,0,0,0,0,0,0,0,0,0,0,0,0,0
3223.49,14,14,0,0,0,0,1,0,0,13,0,0,0
7.60,14,14,0,0,0,0,0,0,0,13,0,0,0
7.58,14,14,0,0,0,0,0,0,0,13,0,0,0
6.43,14,14,0,0,0,0,0,0,0,13,0,0,0
13.98,14,14,0,0,0,0,0,0,0,13,0,0,0
9.92,14,14,0,0,0,0,0,0,0,13,0,0,0
7.20,14,14,0,0,0,0,0,0,0,13,0,0,0
7.66,14,14,0,0,0,0,0,0,0,13,0,0,0
7.22,14,14,0,0,0,0,0,0,0,13,0,0,0
7.24,14,14,0,0,0,0,0,0,0,13,0,0,0
7.51,14,14,0,0,0,0,0,0,0,13,0,0,0
6.79,14,14,0,0,0,0,0,0,0,13,0,0,0
7.44,14,14,0,0,0,0,0,0,0,13,0,0,0
6.83,14,14,0,0,0,0,0,0,0,13,0,0,0
7.48,14,14,0,0,0,0,0,0,0,13,0,0,0
7.13,14,14,0,0,0,0,0,0,0,13,0,0,0
7.73,14,14,0,0,0,0,0,0,0,13,0,0,0
7.09,14,14,0,0,0,0,0,0,0,13,0,0,0
7.52,14,14,0,0,0,0,0,0,0,13,0,0,0
6.92,14,14,0,0,0,0,0,0,0,13,0,0,0
7.46,14,14,0,0,0,0,0,0,0,13,0,0,0
7.11,14,14,0,0,0,0,0,0,0,13,0,0,0
7.48,14,14,0,0,0,0,0,0,0,13,0,0,0
6.80,14,14,0,0,0,0,0,0,0,13,0,0,0
6.85,14,14,0,0,0,0,0,0,0,13,0,0,0
8.04,14,14,0,0,0,0,0,0,0,13,0,0,0
6.55,14,14,0,0,0,0,0,0,0,13,0,0,0
8.14,14,14,0,0,0,0,0,0,0,13,0,0,0
6.68,14,14,0,0,0,0,0,0,0,13,0,0,0
7.32,14,14,0,0,0,0,0,0,0,13,0,0,0
7.33,14,14,0,0,0,0,0,0,0,13,0,0,0
8.63,14,14,0,0,0,0,0,0,0,13,0,0,0
6.81,14,14,0,0,0,0,0,0,0,13,0,0,0
7.07,14,14,0,0,0,0,0,0,0,13,0,0,0
7.63,14,14,0,0,0,0,0,0,0,13,0,0,0
7.69,14,14,0,0,0,0,0,0,0,13,0,0,0
7.06,14,14,0,0,0,0,0,0,0,13,0,0,0
6.55,14,14,0,0,0,0,0,0,0,13,0,0,0
7.45,14,14,0,0,0,0,0,0,0,13,0,0,0
6.98,14,14,0,0,0,0,0,0,0,13,0,0,0
7.01,14,14,0,0,0,0,0,0,0,13,0,0,0
6.77,14,14,0,0,0,0,0,0,0,13,0,0,0
7.32,14,14,0,0,0,0,0,0,0,13,0,0,0
6.60,14,14,0,0,0,0,0,0,0,13,0,0,0
7.20,14,14,0,0,0,0,0,0,0,13,0,0,0
7.07,14,14,0,0,0,0,0,0,0,13,0,0,0
6.60,14,14,0,0,0,0,0,0,0,13,0,0,0
8.04,14,14,0,0,0,0,0,0,0,13,0,0,0
7.77,14,14,0,0,0,0,0,0,0,13,0,0,0
7.59,14,14,0,0,0,0,0,0,0,13,0,0,0
6.76,14,14,0,0,0,0,0,0,0,13,0,0,0
7.10,14,14,0,0,0,0,0,0,0,13,0,0,0
6.92,14,14,0,0,0,0,0,0,0,13,0,0,0
7.35,14,14,0,0,0,0,0,0,0,13,0,0,0
7.11,14,14,0,0,0,0,0,0,0,13,0,0,0
6.54,14,14,0,0,0,0,0,0,0,13,0,0,0
7.04,14,14,0,0,0,0,0,0,0,13,0,0,0
6.81,14,14,0,0,0,0,0,0,0,13,0,0,0
8.13,14,14,0,0,0,0,0,0,0,13,0,0,0
6.81,14,14,0,0,0,0,0,0,0,13,0,0,0
7.04,14,14,0,0,0,0,0,0,0,13,0,0,0
6.83,14,14,0,0,0,0,0,0,0,13,0,0,0
7.86,12,12,0,0,0,0,0,0,0,11,0,0,0
6.50,12,12,0,0,0,0,0,0,0,11,0,0,0
8.19,12,12,0,0,0,0,0,0,0,11,0,0,0
7.00,12,12,0,0,0,0,0,0,0,11,0,0,0
6.68,12,12,0,0,0,0,0,0,0,11,0,0,0
9.10,12,12,0,0,0,0,0,0,0,11,0,0,0
6.76,12,12,0,0,0,0,0,0,0,11,0,0,0
7.04,12,12,0,0,0,0,0,0,0,11,0,0,0
6.68,12,12,0,0,0,0,0,0,0,11,0,0,0
7.25,12,12,0,0,0,0,0,0,0,11,0,0,0
7.68,12,12,0,0,0,0,0,0,0,11,0,0,0
6.76,12,12,0,0,0,0,0,0,0,11,0,0,0
7.02,12,12,0,0,0,0,0,0,0,11,0,0,0
8.21,12,12,0,0,0,0,0,0,0,11,0,0,0
6.80,12,12,0,0,0,0,0,0,0,11,0,0,0
6.78,12,12,0,0,0,0,0,0,0,11,0,0,0
8.01,12,12,0,0,0,0,0,0,0,11,0,0,0
6.68,12,12,0,0,0,0,0,0,0,11,0,0,0
7.15,12,12,0,0,0,0,0,0,0,11,0,0,0
7.53,12,12,0,0,0,0,0,0,0,11,0,0,0
6.91,12,12,0,0,0,0,0,0,0,11,0,0,0
6.65,12,12,0,0,0,0,0,0,0,11,0,0,0
7.38,12,12,0,0,0,0,0,0,0,11,0,0,0
6.93,12,12,0,0,0,0,0,0,0,11,0,0,0
7.34,12,12,0,0,0,0,0,0,0,11,0,0,0
7.48,12,12,0,0,0,0,0,0,0,11,0,0,0
6.81,12,12,0,0,0,0,0,0,0,11,0,0,0
7.37,12,12,0,0,0,0,0,0,0,11,0,0,0
6.50,12,12,0,0,0,0,0,0,0,11,0,0,0
7.22,12,12,0,0,0,0,0,0,0,11,0,0,0
6.70,12,12,0,0,0,0,0,0,0,11,0,0,0
10.81,15,15,0,0,0,0,0,0,0,14,0,0,0
5.21,15,15,0,0,0,0,0,0,0,14,0,0,0
6.56,15,15,0,0,0,0,0,0,0,14,0,0,0
8.30,15,15,0,0,0,0,0,0,0,14,0,0,0
6.43,15,15,0,0,0,0,0,0,0,14,0,0,0
6.91,15,15,0,0,0,0,0,0,0,14,0,0,0
7.86,15,15,0,0,0,0,0,0,0,14,0,0,0
7.39,15,15,0,0,0,0,0,0,0,14,0,0,0
6.77,15,15,0,0,0,0,0,0,0,14,0,0,0
7.13,15,15,0,0,0,0,0,0,0,14,0,0,0
7.54,15,15,0,0,0,0,0,0,0,14,0,0,0
6.96,15,15,0,0,0,0,0,0,0,14,0,0,0
6.93,15,15,0,0,0,0,0,0,0,14,0,0,0
7.36,15,15,0,0,0,0,0,0,0,14,0,0,0
8.77,15,15,0,0,0,0,0,0,0,14,0,0,0
6.80,15,15,0,0,0,0,0,0,0,14,0,0,0
7.71,15,15,0,0,0,0,0,0,0,14,0,0,0
7.16,15,15,0,0,0,0,0,0,0,14,0,0,0
7.09,15,15,0,0,0,0,0,0,0,14,0,0,0
6.67,15,15,0,0,0,0,0,0,0,14,0,0,0
7.70,15,15,0,0,0,0,0,0,0,14,0,0,0
6.49,15,15,0,0,0,0,0,0,0,14,0,0,0
7.40,15,15,0,0,0,0,0,0,0,14,0,0,0
7.80,15,15,0,0,0,0,0,0,0,14,0,0,0
6.54,15,15,0,0,0,0,0,0,0,14,0,0,0
7.16,15,15,0,0,0,0,0,0,0,14,0,0,0
7.25,15,15,0,0,0,0,0,0,0,14,0,0,0
7.99,15,15,0,0,0,0,0,0,0,14,0,0,0
6.49,15,15,0,0,0,0,0,0,0,14,0,0,0
7.62,15,15,0,0,0,0,0,0,0,14,0,0,0
7.99,15,15,0,0,0,0,0,0,0,14,0,0,0
7.79,15,15,0,0,0,0,0,0,0,14,0,0,0
6.69,15,15,0,0,0,0,0,0,0,14,0,0,0
6.87,15,15,0,0,0,0,0,0,0,14,0,0,0
7.54,15,15,0,0,0,0,0,0,0,14,0,0,0
6.78,15,15,0,0,0,0,0,0,0,14,0,0,0
7.15,15,15,0,0,0,0,0,0,0,14,0,0,0
7.06,15,15,0,0,0,0,0,0,0,14,0,0,0
6.92,15,15,0,0,0,0,0,0,0,14,0,0,0
6.82,15,15,0,0,0,0,0,0,0,14,0,0,0
7.11,15,15,0,0,0,0,0,0,0,14,0,0,0
6.87,15,15,0,0,0,0,0,0,0,14,0,0,0
7.20,15,15,0,0,0,0,0,0,0,14,0,0,0
7.34,15,15,0,0,0,0,0,0,0,14,0,0,0
6.97,15,15,0,0,0,0,0,0,0,14,0,0,0
7.63,15,15,0,0,0,0,0,0,0,14,0,0,0
6.66,15,15,0,0,0,0,0,0,0,14,0,0,0
7.30,15,15,0,0,0,0,0,0,0,14,0,0,0
7.23,15,15,0,0,0,0,0,0,0,14,0,0,0
8.01,15,15,0,0,0,0,0,0,0,14,0,0,0
6.65,15,15,0,0,0,0,0,0,0,14,0,0,0
6.85,15,15,0,0,0,0,0,0,0,14,0,0,0
8.54,15,15,0,0,0,0,0,0,0,14,1,0,0
6.52,15,15,0,0,0,0,0,0,0,14,0,0,0
6.96,15,15,0,0,0,0,0,0,0,14,0,0,0
7.00,15,15,0,0,0,0,0,0,0,14,0,0,0
8.80,15,15,0,0,0,0,0,0,0,14,0,0,0
6.87,15,15,0,0,0,0,0,0,0,14,0,0,0
7.00,15,15,0,0,0,0,0,0,0,14,0,0,0
6.67,15,15,0,0,0,0,0,0,0,14,0,0,0
7.65,15,15,0,0,0,0,0,0,0,14,0,0,0
7.03,15,15,0,0,0,0,0,0,0,14,0,0,0
6.76,15,15,0,0,0,0,0,0,0,14,0,0,0
7.06,15,15,0,0,0,0,0,0,0,14,0,0,0
6.85,15,15,0,0,0,0,0,0,0,14,0,0,0
6.90,15,15,0,0,0,0,0,0,0,14,0,0,0
7.62,15,15,0,0,0,0,0,0,0,14,0,0,0
7.53,15,15,0,0,0,0,0,0,0,14,0,0,0
7.15,15,15,0,0,0,0,0,0,0,14,0,0,0
6.96,15,15,0,0,0,0,0,0,0,14,0,0,0
7.16,15,15,0,0,0,0,0,0,0,14,0,0,0
7.05,15,15,0,0,0,0,0,0,0,14,0,0,0
7.93,15,15,0,0,0,0,0,0,0,14,0,0,0
6.79,15,15,0,0,0,0,0,0,0,14,0,0,0
7.33,15,15,0,0,0,0,0,0,0,14,0,0,0
7.31,15,15,0,0,0,0,0,0,0,14,0,0,0
6.62,15,15,0,0,0,0,0,0,0,14,0,0,0
6.87,15,15,0,0,0,0,0,0,0,14,0,0,0
7.13,15,15,0,0,0,0,0,0,0,14,0,0,0
7.24,15,15,0,0,0,0,0,0,0,14,0,0,0
8.04,15,15,0,0,0,0,0,0,0,14,0,0,0
6.67,15,15,0,0,0,0,0,0,0,14,0,0,0
7.49,15,15,0,0,0,0,0,0,0,14,0,0,0
6.70,15,15,0,0,0,0,0,0,0,14,0,0,0
7.12,15,15,0,0,0,0,0,0,0,14,0,0,0
7.98,15,15,0,0,0,0,0,0,0,14,0,0,0
6.59,15,15,0,0,0,0,0,0,0,14,0,0,0
7.72,15,15,0,0,0,0,0,0,0,14,0,0,0
6.64,15,15,0,0,0,0,0,0,0,14,0,0,0
7.28,15,15,0,0,0,0,0,0,0,14,0,0,0
6.85,15,15,0,0,0,0,0,0,0,14,0,0,0
6.94,15,15,0,0,0,0,0,0,0,14,0,0,0
7.01,15,15,0,0,0,0,0,0,0,14,0,0,0
6.63,15,15,0,0,0,0,0,0,0,14,0,0,0
7.39,15,15,0,0,0,0,0,0,0,14,0,0,0
6.77,15,15,0,0,0,0,0,0,0,14,0,0,0
8.06,15,15,0,0,0,0,0,0,0,14,0,0,0
6.64,15,15,0,0,0,0,0,0,0,14,0,0,0
7.87,15,15,0,0,0,0,0,0,0,14,0,0,0
6.89,15,15,0,0,0,0,0,0,0,14,0,0,0
6.62,15,15,0,0,0,0,0,0,0,14,0,0,0
7.11,15,15,0,0,0,0,0,0,0,14,0,0,0
7.81,15,15,0,0,0,0,0,0,0,14,0,0,0
7.48,15,15,0,0,0,0,0,0,0,14,0,0,0
6.77,15,15,0,0,0,0,0,0,0,14,0,0,0
8.02,15,15,0,0,0,0,0,0,0,14,0,0,0
6.65,15,15,0,0,0,0,0,0,0,14,0,0,0
6.99,15,15,0,0,0,0,0,0,0,14,0,0,0
7.81,15,15,0,0,0,0,0,0,0,14,0,0,0
7.53,15,15,0,0,0,0,0,0,0,14,0,0,0
7.02,15,15,0,0,0,0,0,0,0,14,0,0,0
6.57,15,15,0,0,0,0,0,0,0,14,0,0,0
7.51,15,15,0,0,0,0,0,0,0,14,0,0,0
6.63,15,15,0,0,0,0,0,0,0,14,0,0,0
7.44,15,15,0,0,0,0,0,0,0,14,0,0,0
6.79,15,15,0,0,0,0,0,0,0,14,0,0,0
7.67,15,15,0,0,0,0,0,0,0,14,0,0,0
6.97,15,15,0,0,0,0,0,0,0,14,0,0,0
8.82,15,15,0,0,0,0,0,0,0,14,0,0,0
6.81,15,15,0,0,0,0,0,0,0,14,0,0,0
7.31,15,15,0,0,0,0,0,0,0,14,0,0,0
7.09,15,15,0,0,0,0,0,0,0,14,0,0,0
7.07,15,15,0,0,0,0,0,0,0,14,0,0,0
7.48,15,15,0,0,0,0,0,0,0,14,0,0,0
6.76,15,15,0,0,0,0,0,0,0,14,0,0,0
7.77,15,15,0,0,0,0,0,0,0,14,0,0,0
7.05,15,15,0,0,0,0,0,0,0,14,0,0,0
6.74,15,15,0,0,0,0,0,0,0,14,0,0,0
7.25,15,15,0,0,0,0,0,0,0,14,0,0,0
7.96,15,15,0,0,0,0,0,0,0,14,0,0,0
6.72,15,15,0,0,0,0,0,0,0,14,0,0,0
8.11,15,15,0,0,0,0,0,0,0,14,0,0,0
6.86,15,15,0,0,0,0,0,0,0,14,0,0,0
7.38,15,15,0,0,0,0,0,0,0,14,0,0,0
7.66,15,15,0,0,0,0,0,0,0,14,0,0,0
6.48,15,15,0,0,0,0,0,0,0,14,0,0,0
8.14,15,15,0,0,0,0,0,0,0,14,0,0,0
6.83,15,15,0,0,0,0,0,0,0,14,0,0,0
8.20,15,15,0,0,0,0,0,0,0,14,0,0,0
6.49,15,15,0,0,0,0,0,0,0,14,0,0,0
7.10,15,15,0,0,0,0,0,0,0,14,0,0,0
7.14,15,15,0,0,0,0,0,0,0,14,0,0,0
7.43,15,15,0,0,0,0,0,0,0,14,0,0,0
7.18,16,16,0,0,0,0,0,0,0,15,0,0,0
6.87,16,16,0,0,0,0,0,0,0,15,0,0,0
7.34,16,16,0,0,0,0,0,0,0,15,0,0,0
6.75,16,16,0,0,0,0,0,0,0,15,0,0,0
7.22,16,16,0,0,0,0,0,0,0,15,0,0,0
6.74,16,16,0,0,0,0,0,0,0,15,0,0,0
7.50,16,16,0,0,0,0,0,0,0,15,0,0,0
6.86,16,16,0,0,0,0,0,0,0,15,0,0,0
7.92,16,16,0,0,0,0,0,0,0,15,0,0,0
6.89,16,16,0,0,0,0,0,0,0,15,0,0,0
6.70,16,16,0,0,0,0,0,0,0,15,0,0,0
7.72,16,16,0,0,0,0,0,0,0,15,0,0,0
7.69,16,16,0,0,0,0,0,0,0,15,0,0,0
8.75,16,16,0,0,0,0,0,0,0,15,0,0,0
7.83,16,16,0,0,0,0,0,0,0,15,0,0,0
7.76,16,16,0,0,0,0,0,0,0,15,0,0,0
8.38,16,16,0,0,0,0,0,0,0,15,0,0,0
7.33,16,16,0,0,0,0,0,0,0,15,0,0,0
6.95,16,16,0,0,0,0,0,0,0,15,0,0,0
7.48,16,16,0,0,0,0,0,0,0,15,0,0,0
7.27,16,16,0,0,0,0,0,0,0,15,0,0,0
8.11,16,16,0,0,0,0,0,0,0,15,0,0,0
6.61,16,16,0,0,0,0,0,0,0,15,0,0,0
8.35,16,16,0,0,0,0,0,0,0,15,0,0,0
6.83,16,16,0,0,0,0,0,0,0,15,0,0,0
7.51,16,16,0,0,0,0,0,0,0,15,0,0,0
6.53,16,16,0,0,0,0,0,0,0,15,0,0,0
7.72,16,16,0,0,0,0,0,0,0,15,0,0,0
7.90,16,16,0,0,0,0,0,0,0,15,0,0,0
7.03,16,16,0,0,0,0,0,0,0,15,0,0,0
6.91,16,16,0,0,0,0,0,0,0,15,0,0,0
6.86,16,16,0,0,0,0,0,0,0,15,0,0,0
7.63,16,16,0,0,0,0,0,0,0,15,0,0,0
7.27,16,16,0,0,0,0,0,0,0,15,0,0,0
7.00,16,16,0,0,0,0,0,0,0,15,0,0,0
7.19,16,16,0,0,0,0,0,0,0,15,0,0,0
7.67,16,16,0,0,0,0,0,0,0,15,0,0,0
6.84,16,16,0,0,0,0,0,0,0,15,0,0,0
6.79,16,16,0,0,0,0,0,0,0,15,0,0,0
7.30,16,16,0,0,0,0,0,0,0,15,0,0,0
6.81,16,16,0,0,0,0,0,0,0,15,0,0,0
6.90,16,16,0,0,0,0,0,0,0,15,0,0,0
7.65,16,16,0,0,0,0,0,0,0,15,0,0,0
7.07,16,16,0,0,0,0,0,0,0,15,0,0,0
7.16,16,16,0,0,0,0,0,0,0,15,0,0,0
8.35,16,16,0,0,0,0,0,0,0,15,0,0,0
6.85,16,16,0,0,0,0,0,0,0,15,0,0,0
6.82,16,16,0,0,0,0,0,0,0,15,0,0,0
7.83,16,16,0,0,0,0,0,0,0,15,0,0,0
7.07,16,16,0,0,0,0,0,0,0,15,1,0,0
6.82,16,16,0,0,0,0,0,0,0,15,0,0,0
7.12,16,16,0,0,0,0,0,0,0,15,0,0,0
6.92,16,16,0,0,0,0,0,0,0,15,0,0,0
6.76,16,16,0,0,0,0,0,0,0,15,0,0,0
7.20,16,16,0,0,0,0,0,0,0,15,0,0,0
6.68,16,16,0,0,0,0,0,0,0,15,0,0,0
7.74,16,16,0,0,0,0,0,0,0,15,0,0,0
7.70,16,16,0,0,0,0,0,0,0,15,0,0,0
6.91,16,16,0,0,0,0,0,0,0,15,0,0,0
7.55,16,16,0,0,0,0,0,0,0,15,0,0,0
6.71,16,16,0,0,0,0,0,0,0,15,0,0,0
7.88,16,16,0,0,0,0,0,0,0,15,0,0,0
7.00,16,16,0,0,0,0,0,0,0,15,0,0,0
7.05,16,16,0,0,0,0,0,0,0,15,0,0,0
6.78,16,16,0,0,0,0,0,0,0,15,0,0,0
8.58,16,16,0,0,0,0,0,0,0,15,0,0,0
6.86,16,16,0,0,0,0,0,0,0,15,0,0,0
6.76,16,16,0,0,0,0,0,0,0,15,0,0,0
7.22,16,16,0,0,0,0,0,0,0,15,0,0,0
7.35,16,16,0,0,0,0,0,0,0,15,0,0,0
7.68,16,16,0,0,0,0,0,0,0,15,0,0,0
6.66,16,16,0,0,0,0,0,0,0,15,0,0,0
7.76,16,16,0,0,0,0,0,0,0,15,0,0,0
6.53,16,16,0,0,0,0,0,0,0,15,0,0,0
7.46,16,16,0,0,0,0,0,0,0,15,0,0,0
6.61,16,16,0,0,0,0,0,0,0,15,0,0,0
7.48,16,16,0,0,0,0,0,0,0,15,0,0,0
7.46,16,16,0,0,0,0,0,0,0,15,0,0,0
6.30,16,16,0,0,0,0,0,0,0,15,0,0,0
7.56,16,16,0,0,0,0,0,0,0,15,0,0,0
7.15,16,16,0,0,0,0,0,0,0,15,0,0,0
7.57,16,16,0,0,0,0,0,0,0,15,0,0,0
6.96,16,16,0,0,0,0,0,0,0,15,0,0,0
7.87,16,16,0,0,0,0,0,0,0,15,0,0,0
6.87,16,16,0,0,0,0,0,0,0,15,0,0,0
7.00,16,16,0,0,0,0,0,0,0,15,0,0,0
6.82,16,16,0,0,0,0,0,0,0,15,0,0,0
7.39,16,16,0,0,0,0,0,0,0,15,0,0,0
6.83,16,16,0,0,0,0,0,0,0,15,0,0,0
7.07,16,16,0,0,0,0,0,0,0,15,0,0,0
16.29,20,20,0,0,0,0,0,0,0,19,0,0,0
1.37,20,20,0,0,0,0,0,0,0,19,0,0,0
7.75,20,20,0,0,0,0,0,0,0,19,0,0,0
6.75,20,20,0,0,0,0,0,0,0,19,0,0,0
8.16,20,20,0,0,0,0,0,0,0,19,0,0,0
6.76,20,20,0,0,0,0,0,0,0,19,0,0,0
7.50,20,20,0,0,0,0,0,0,0,19,0,0,0
6.37,20,20,0,0,0,0,0,0,0,19,0,0,0
7.45,20,20,0,0,0,0,0,0,0,19,0,0,0
6.74,20,20,0,0,0,0,0,0,0,19,0,0,0
7.34,20,20,0,0,0,0,0,0,0,19,0,0,0
6.86,20,20,0,0,0,0,0,0,0,19,0,0,0
6.68,20,20,0,0,0,0,0,0,0,19,0,0,0
7.22,20,20,0,0,0,0,0,0,0,19,0,0,0
7.11,20,20,0,0,0,0,0,0,0,19,0,0,0
6.91,20,20,0,0,0,0,0,0,0,19,0,0,0
7.03,20,20,0,0,0,0,0,0,0,19,0,0,0
8.30,20,20,0,0,0,0,0,0,0,19,0,0,0
6.61,20,20,0,0,0,0,0,0,0,19,0,0,0
7.07,20,20,0,0,0,0,0,0,0,19,0,0,0
7.09,20,20,0,0,0,0,0,0,0,19,0,0,0
7.28,20,20,0,0,0,0,0,0,0,19,0,0,0
7.14,20,20,0,0,0,0,0,0,0,19,0,0,0
6.68,20,20,0,0,0,0,0,0,0,19,0,0,0
7.44,20,20,0,0,0,0,0,0,0,19,0,0,0
7.03,20,20,0,0,0,0,0,0,0,19,0,0,0
6.77,20,20,0,0,0,0,0,0,0,19,0,0,0
7.66,20,20,0,0,0,0,0,0,0,19,0,0,0
6.70,20,20,0,0,0,0,0,0,0,19,0,0,0
14.67,22,18,0,0,1,2,1,0,1,21,0,0,0
1.98,22,18,0,0,1,2,0,0,1,21,0,0,0
47.90,23,19,0,0,1,2,0,0,1,22,0,0,0
22.17,23,19,0,0,1,2,0,0,1,22,0,0,0
1.23,23,19,0,0,1,2,0,0,1,22,0,0,0
11.20,23,19,0,0,1,2,0,0,1,22,0,0,0
9.23,23,19,0,0,1,2,0,0,1,22,0,0,0
1.14,23,19,0,0,1,2,0,0,1,22,0,0,0
13.78,23,19,0,0,1,2,0,0,1,22,0,0,0
1.04,23,19,0,0,1,2,0,0,1,22,0,0,0
14.55,23,19,0,0,1,2,0,0,1,22,0,0,0
1.30,23,19,0,0,1,2,0,0,1,22,0,0,0
12.58,23,19,0,0,1,2,0,0,1,22,0,0,0
35.02,36,32,0,0,14,15,0,0,14,34,1,0,0
7.09,36,32,0,0,14,15,0,0,14,34,0,0,0
3.51,36,32,0,0,14,15,0,0,14,34,0,0,0
7.42,36,32,0,0,14,15,0,0,14,34,0,0,0
6.75,36,32,0,0,14,15,0,0,14,34,0,0,0
7.12,36,32,0,0,14,15,0,0,14,34,0,0,0
8.26,36,32,0,0,14,15,0,0,14,34,0,0,0
8.07,36,32,0,0,14,15,0,0,14,34,0,0,0
4.20,36,32,0,0,14,15,0,0,14,34,0,0,0
7.83,36,32,0,0,14,15,0,0,14,34,0,0,0
6.34,36,32,0,0,14,15,0,0,14,34,0,0,0
6.51,36,32,0,0,14,15,0,0,14,34,0,0,0
7.11,36,32,0,0,14,15,0,0,14,34,0,0,0
7.71,36,32,0,0,14,15,0,0,14,34,1,0,0
6.88,36,32,0,0,14,15,0,0,14,34,0,0,0
7.01,36,32,0,0,14,15,0,0,14,34,0,0,0
8.21,36,32,0,0,14,15,0,0,14,34,0,0,0
5.80,36,32,0,0,14,15,0,0,14,34,0,0,0
7.16,36,32,0,0,14,15,0,0,14,34,0,0,0
6.87,36,32,0,0,14,15,0,0,14,34,0,0,0
7.01,36,32,0,0,14,15,0,0,14,34,0,0,0
7.47,36,32,0,0,14,15,0,0,14,34,0,0,0
6.98,36,32,0,0,14,15,0,0,14,34,0,0,0
7.31,36,32,0,0,14,15,0,0,14,34,0,0,0
8.02,36,32,0,0,14,15,0,0,14,34,0,0,0
6.57,36,32,0,0,14,15,0,0,14,34,0,0,0
7.09,36,32,0,0,14,15,0,0,14,34,1,0,0
6.86,36,32,0,0,14,15,0,0,14,34,0,0,0
7.19,36,32,0,0,14,15,0,0,14,34,0,0,0
7.05,36,32,0,0,14,15,0,0,14,34,0,0,0
7.01,36,32,0,0,14,15,0,0,14,34,0,0,0
7.35,36,32,0,0,14,15,0,0,14,34,0,0,0
7.17,36,32,0,0,14,15,0,0,14,34,0,0,0
7.82,36,32,0,0,14,15,0,0,14,34,0,0,0
7.51,36,32,0,0,14,15,0,0,14,34,0,0,0
5.63,36,32,0,0,14,15,0,0,14,34,0,0,0
11.33,36,32,0,0,14,15,0,0,14,34,0,0,0
12.98,36,32,0,0,14,15,0,0,14,34,0,0,0
7.48,36,32,0,0,14,15,0,0,14,34,0,0,0
13.40,36,32,0,0,14,15,0,0,14,34,1,0,0
12.55,36,32,0,0,14,15,0,0,14,34,0,0,0
9.31,36,32,0,0,14,15,0,0,14,34,0,0,0
7.54,36,32,0,0,14,15,0,0,14,34,0,0,0
11.32,36,32,0,0,14,15,0,0,14,34,0,0,0
13.61,36,32,0,0,14,15,0,0,14,34,0,0,0
12.27,36,32,0,0,14,15,0,0,14,34,0,0,0
8.21,36,32,0,0,14,15,0,0,14,34,0,0,0
12.20,36,32,0,0,14,15,0,0,14,34,0,0,0
8.37,36,32,0,0,14,15,0,0,14,34,0,0,0
13.01,36,32,0,0,14,15,0,0,14,34,0,0,0
8.07,36,32,0,0,14,15,0,0,14,34,0,0,0
7.90,36,32,0,0,14,15,0,0,14,34,0,0,0
6.08,36,32,0,0,14,15,0,0,14,34,1,0,0
6.93,36,32,0,0,14,15,0,0,14,34,0,0,0
6.27,36,32,0,0,14,15,0,0,14,34,0,0,0
7.04,36,32,0,0,14,15,0,0,14,34,0,0,0
16.53,40,36,0,0,14,15,0,0,14,38,0,0,0
2.61,40,36,0,0,14,15,0,0,14,38,0,0,0
7.53,40,36,0,0,14,15,0,0,14,38,0,0,0
6.64,40,36,0,0,14,15,0,0,14,38,0,0,0
7.02,40,36,0,0,14,15,0,0,14,38,0,0,0
6.49,40,36,0,0,14,15,0,0,14,38,0,0,0
7.89,40,36,0,0,14,15,0,0,14,38,0,0,0
6.14,40,36,0,0,14,15,0,0,14,38,0,0,0
7.69,40,36,0,0,14,15,0,0,14,38,0,0,0
7.26,40,36,0,0,14,15,0,0,14,38,1,0,0
7.32,40,36,0,0,14,15,0,0,14,38,0,0,0
6.45,40,36,0,0,14,15,0,0,14,38,0,0,0
7.39,40,36,0,0,14,15,0,0,14,38,0,0,0
7.44,40,36,0,0,14,15,0,0,14,38,0,0,0
7.39,40,36,0,0,14,15,0,0,14,38,0,0,0
7.44,40,36,0,0,14,15,0,0,14,38,0,0,0
6.12,40,36,0,0,14,15,0,0,14,38,0,0,0
7.67,40,36,0,0,14,15,0,0,14,38,0,0,0
7.81,40,36,0,0,14,15,0,0,14,38,0,0,0
7.55,40,36,0,0,14,15,0,0,14,38,0,0,0
6.47,40,36,0,0,14,15,0,0,14,38,0,0,0
7.87,40,36,0,0,14,15,0,0,14,38,1,0,0
6.45,40,36,0,0,14,15,0,0,14,38,0,0,0
7.03,40,36,0,0,14,15,0,0,14,38,0,0,0
7.58,40,36,0,0,14,15,0,0,14,38,0,0,0
6.87,40,36,0,0,14,15,0,0,14,38,0,0,0
8.30,40,36,0,0,14,15,0,0,14,38,0,0,0
6.78,40,36,0,0,14,15,0,0,14,38,0,0,0
7.13,40,36,0,0,14,15,0,0,14,38,0,0,0
6.65,40,36,0,0,14,15,0,0,14,38,0,0,0
8.31,40,36,0,0,14,15,0,0,14,38,0,0,0
6.19,40,36,0,0,14,15,0,0,14,38,0,0,0
7.12,40,36,0,0,14,15,0,0,14,38,0,0,0
7.27,40,36,0,0,14,15,0,0,14,38,0,0,0
35.29,45,41,0,0,14,15,0,0,14,44,1,0,0
3.71,46,42,0,0,14,15,0,0,14,44,0,0,0
5.53,47,43,0,0,14,15,0,0,14,45,0,0,0
3.94,47,43,0,0,14,15,0,0,14,45,0,0,0
6.61,47,43,0,0,14,15,0,0,14,45,0,0,0
7.90,47,43,0,0,14,15,0,0,14,45,0,0,0
7.17,47,43,0,0,14,15,0,0,14,45,0,0,0
7.54,47,43,0,0,14,15,0,0,14,45,0,0,0
6.48,47,43,0,0,14,15,0,0,14,45,0,0,0
7.73,47,43,0,0,14,15,0,0,14,45,0,0,0
6.96,47,43,0,0,14,15,0,0,14,45,1,0,0
6.25,47,43,0,0,14,15,0,0,14,45,0,0,0
7.22,47,43,0,0,14,15,0,0,14,45,0,0,0
7.38,47,43,0,0,14,15,0,0,14,45,0,0,0
7.60,47,43,0,0,14,15,0,0,14,45,0,0,0
6.61,47,43,0,0,14,15,0,0,14,45,0,0,0
8.08,47,43,0,0,14,15,0,0,14,45,0,0,0
6.78,47,43,0,0,14,15,0,0,14,45,0,0,0
8.44,47,43,0,0,14,15,0,0,14,45,0,0,0
6.49,47,43,0,0,14,15,0,0,14,45,0,0,0
7.40,47,43,0,0,14,15,0,0,14,45,1,0,0
6.68,47,43,0,0,14,15,0,0,14,45,0,0,0
6.95,47,43,0,0,14,15,0,0,14,45,0,0,0
8.14,47,43,0,0,14,15,0,0,14,45,0,0,0
6.57,47,43,0,0,14,15,0,0,14,45,0,0,0
7.89,47,43,0,0,14,15,0,0,14,45,0,0,0
6.97,47,43,0,0,14,15,0,0,14,45,0,0,0
6.58,47,43,0,0,14,15,0,0,14,45,0,0,0
6.70,47,43,0,0,14,15,0,0,14,45,0,0,0
6.85,47,43,0,0,14,15,0,0,14,45,0,0,0
7.73,47,43,0,0,14,15,0,0,14,45,1,0,0
6.18,47,43,0,0,14,15,0,0,14,45,0,0,0
7.82,47,43,0,0,14,15,0,0,14,45,0,0,0
6.34,47,43,0,0,14,15,0,0,14,45,0,0,0
8.45,47,43,0,0,14,15,0,0,14,45,0,0,0
6.74,47,43,0,0,14,15,0,0,14,45,0,0,0
6.95,47,43,0,0,14,15,0,0,14,45,0,0,0
6.81,47,43,0,0,14,15,0,0,14,45,0,0,0
6.25,47,43,0,0,14,15,0,0,14,45,0,0,0
7.38,47,43,0,0,14,15,0,0,14,45,0,0,0
7.55,47,43,0,0,14,15,0,0,14,45,1,0,0
7.66,47,43,0,0,14,15,0,0,14,45,0,0,0
6.20,47,43,0,0,14,15,0,0,14,45,0,0,0
7.52,47,43,0,0,14,15,0,0,14,45,0,0,0
6.20,47,43,0,0,14,15,0,0,14,45,0,0,0
7.37,47,43,0,0,14,15,0,0,14,45,0,0,0
6.69,47,43,0,0,14,15,0,0,14,45,0,0,0
7.52,47,43,0,0,14,15,0,0,14,45,0,0,0
7.01,47,43,0,0,14,15,0,0,14,45,0,0,0
6.18,47,43,0,0,14,15,0,0,14,45,0,0,0
8.94,47,43,0,0,14,15,0,0,14,45,1,0,0
5.48,47,43,0,0,14,15,0,0,14,45,0,0,0
7.45,47,43,0,0,14,15,0,0,14,45,0,0,0
5.88,47,43,0,0,14,15,0,0,14,45,0,0,0
6.77,47,43,0,0,14,15,0,0,14,45,0,0,0
8.46,47,43,0,0,14,15,0,0,14,45,0,0,0
6.48,47,43,0,0,14,15,0,0,14,45,0,0,0
7.25,47,43,0,0,14,15,0,0,14,45,0,0,0
7.29,47,43,0,0,14,15,0,0,14,45,0,0,0
8.67,47,43,0,0,14,15,0,0,14,45,0,0,0
6.80,47,43,0,0,14,15,0,0,14,45,1,0,0
6.07,47,43,0,0,14,15,0,0,14,45,0,0,0
6.23,47,43,0,0,14,15,0,0,14,45,0,0,0
6.75,47,43,0,0,14,15,0,0,14,45,0,0,0
8.28,47,43,0,0,14,15,0,0,14,45,0,0,0
7.31,47,43,0,0,14,15,0,0,14,45,0,0,0
7.35,47,43,0,0,14,15,0,0,14,45,0,0,0
6.44,47,43,0,0,14,15,0,0,14,45,0,0,0
7.86,47,43,0,0,14,15,0,0,14,45,0,0,0
6.64,47,43,0,0,14,15,0,0,14,45,0,0,0
7.10,47,43,0,0,14,15,0,0,14,45,1,0,0
6.08,47,43,0,0,14,15,0,0,14,45,0,0,0
7.60,47,43,0,0,14,15,0,0,14,45,0,0,0
6.98,47,43,0,0,14,15,0,0,14,45,0,0,0
7.25,47,43,0,0,14,15,0,0,14,45,0,0,0
7.45,47,43,0,0,14,15,0,0,14,45,0,0,0
6.35,47,43,0,0,14,15,0,0,14,45,0,0,0
7.40,47,43,0,0,14,15,0,0,14,45,0,0,0
6.10,47,43,0,0,14,15,0,0,14,45,0,0,0
9.91,47,43,0,0,14,15,0,0,14,45,0,0,0
4.97,47,43,0,0,14,15,0,0,14,45,1,0,0
6.41,47,43,0,0,14,15,0,0,14,45,0,0,0
8.46,47,43,0,0,14,15,0,0,14,45,0,0,0
6.45,47,43,0,0,14,15,0,0,14,45,0,0,0
7.65,47,43,0,0,14,15,0,0,14,45,0,0,0
6.61,47,43,0,0,14,15,0,0,14,45,0,0,0
6.78,47,43,0,0,14,15,0,0,14,45,0,0,0
7.09,47,43,0,0,14,15,0,0,14,45,0,0,0
7.51,47,43,0,0,14,15,0,0,14,45,0,0,0
7.14,47,43,0,0,14,15,0,0,14,45,0,0,0
7.41,47,43,0,0,14,15,0,0,14,45,1,0,0
7.50,47,43,0,0,14,15,0,0,14,45,0,0,0
7.02,47,43,0,0,14,15,0,0,14,45,0,0,0
8.30,47,43,0,0,14,15,0,0,14,45,0,0,0
6.40,47,43,0,0,14,15,0,0,14,45,0,0,0
7.35,47,43,0,0,14,15,0,0,14,45,0,0,0
6.37,47,43,0,0,14,15,0,0,14,45,0,0,0
7.15,47,43,0,0,14,15,0,0,14,45,0,0,0
7.43,47,43,0,0,14,15,0,0,14,45,0,0,0
7.38,47,43,0,0,14,15,0,0,14,45,0,0,0
8.58,47,43,0,0,14,15,0,0,14,45,1,0,0
7.63,47,43,0,0,14,15,0,0,14,45,0,0,0
6.23,47,43,0,0,14,15,0,0,14,45,0,0,0
6.80,47,43,0,0,14,15,0,0,14,45,0,0,0
7.57,47,43,0,0,14,15,0,0,14,45,0,0,0
6.76,47,43,0,0,14,15,0,0,14,45,0,0,0
8.06,47,43,0,0,14,15,0,0,14,45,0,0,0
6.55,47,43,0,0,14,15,0,0,14,45,0,0,0
8.09,47,43,0,0,14,15,0,0,14,45,0,0,0
2511.27,12,12,0,0,0,0,0,0,0,12,0,0,0
722.66,48,47,0,0,0,1,1,0,0,47,1,0,0
215.69,50,50,0,0,0,1,0,0,0,49,0,0,0
201.27,35,35,0,0,0,1,1,0,0,34,0,0,0
111.61,36,36,0,0,0,1,1,0,0,35,0,0,0
37.85,36,36,0,0,0,1,1,0,0,35,0,0,0
27.13,36,36,0,0,0,1,1,0,0,35,0,0,0
11.89,36,36,0,0,0,1,1,0,0,35,0,0,0
7.54,36,36,0,0,0,1,1,0,0,35,0,0,0
7.31,36,36,0,0,0,1,1,0,0,35,0,0,0
11.82,36,36,0,0,0,1,1,0,0,35,0,0,0
8.42,36,36,0,0,0,1,1,0,0,35,0,0,0
13.30,36,36,0,0,0,1,1,0,0,35,0,0,0
16.05,36,36,0,0,0,1,1,0,0,35,0,0,0
13.59,36,36,0,0,0,1,1,0,0,35,0,0,0
18.34,36,36,0,0,0,1,1,0,0,35,0,0,0
10.17,36,36,0,0,0,1,1,0,0,35,0,0,0
14.73,36,36,0,0,0,1,1,0,0,35,0,0,0
12.57,36,36,0,0,0,1,1,0,0,35,0,0,0
12.96,36,36,0,0,0,1,1,0,0,35,0,0,0
13.58,36,36,0,0,0,1,1,0,0,35,0,0,0
19.80,38,38,0,0,0,1,1,0,0,37,0,0,0
26.16,38,38,0,0,0,1,1,0,0,37,0,0,0
20.04,38,38,0,0,0,1,1,0,0,37,0,0,0
18.86,38,38,0,0,0,1,1,0,0,37,0,0,0
16.12,38,38,0,0,0,1,1,0,0,37,0,0,0
10.21,38,38,0,0,0,1,1,0,0,37,0,0,0
7.23,38,38,0,0,0,1,1,0,0,37,0,0,0
7.16,38,38,0,0,0,1,1,0,0,37,0,0,0
7.69,38,38,0,0,0,1,1,0,0,37,0,0,0
7.05,38,38,0,0,0,1,1,0,0,37,0,0,0
7.05,39,38,0,0,0,1,1,0,0,38,1,0,0
102.57,38,38,0,0,0,1,1,0,0,37,0,0,0
21.28,38,38,0,0,0,1,1,0,0,37,0,0,0
6.89,38,38,0,0,0,1,1,0,0,37,0,0,0
6.86,38,38,0,0,0,1,1,0,0,37,0,0,0
7.21,38,38,0,0,0,1,1,0,0,37,0,0,0
7.23,38,38,0,0,0,1,1,0,0,37,0,0,0
8.03,38,38,0,0,0,1,1,0,0,37,1,0,0
7.85,38,38,0,0,0,1,1,0,0,37,0,0,0
23.29,38,38,0,0,0,1,1,0,0,37,0,0,0
28.75,38,38,0,0,0,1,1,0,0,37,0,0,0
8.32,38,38,0,0,0,1,1,0,0,37,0,0,0
39.88,38,38,0,0,0,1,1,0,0,37,0,0,0
7.13,38,38,0,0,0,1,1,0,0,37,0,0,0
7.27,38,38,0,0,0,1,1,0,0,37,0,0,0
7.99,38,38,0,0,0,1,1,0,0,37,0,0,0
17.06,38,38,0,0,0,1,1,0,0,37,0,0,0
9.10,39,38,0,0,0,1,1,0,0,38,1,0,0
8.36,38,38,0,0,0,1,1,0,0,37,0,0,0
7.61,38,38,0,0,0,1,1,0,0,37,0,0,0
7.71,38,38,0,0,0,1,1,0,0,37,0,0,0
8.15,38,38,0,0,0,1,1,0,0,37,0,0,0
10.23,38,38,0,0,0,1,1,0,0,37,0,0,0
17.23,38,38,0,0,0,1,1,0,0,37,0,0,0
7.39,38,38,0,0,0,1,1,0,0,37,0,0,0
8.03,38,38,0,0,0,1,1,0,0,37,0,0,0
8.25,38,38,0,0,0,1,1,0,0,37,0,0,0
8.76,39,38,0,0,0,1,1,0,0,38,1,0,0
8.21,38,38,0,0,0,1,1,0,0,37,0,0,0
23.11,38,38,0,0,0,1,1,0,0,37,0,0,0
64.50,38,38,0,0,0,1,1,0,0,37,0,0,0
27.58,38,38,0,0,0,1,1,0,0,37,0,0,0
34.94,38,38,0,0,0,1,1,0,0,37,0,0,0
42.51,38,38,0,0,0,1,1,0,0,37,0,0,0
19.98,38,38,0,0,0,1,1,0,0,37,0,0,0
16.54,38,38,0,0,0,1,1,0,0,37,0,0,0
34.98,38,38,0,0,0,1,1,0,0,37,0,0,0
28.54,39,39,0,0,0,1,1,0,0,38,0,0,0
18.12,39,39,0,0,0,1,1,0,0,38,0,0,0
15.60,39,39,0,0,0,1,1,0,0,38,0,0,0
9.76,39,39,0,0,0,1,1,0,0,38,0,0,0
7.89,39,39,0,0,0,1,1,0,0,38,0,0,0
7.94,39,39,0,0,0,1,1,0,0,38,0,0,0
8.63,39,39,0,0,0,1,1,0,0,38,0,0,0
31.50,40,39,0,0,0,1,1,0,0,39,1,0,0
28.49,39,39,0,0,0,1,1,0,0,38,0,0,0
35.81,39,39,0,0,0,1,1,0,0,38,0,0,0
15.23,39,39,0,0,0,1,1,0,0,38,0,0,0
8.00,39,39,0,0,0,1,1,0,0,38,0,0,0
8.45,39,39,0,0,0,1,1,0,0,38,0,0,0
11.09,39,39,0,0,0,1,1,0,0,38,0,0,0
45.66,38,38,0,0,0,1,1,0,0,37,0,0,0
7.27,38,38,0,0,0,1,1,0,0,37,0,0,0
37.16,38,38,0,0,0,1,1,0,0,37,0,0,0
23.83,39,38,0,0,0,1,1,0,0,38,1,0,0
6.83,38,38,0,0,0,1,1,0,0,37,0,0,0
8.00,38,38,0,0,0,1,1,0,0,37,0,0,0
32.12,38,38,0,0,0,1,1,0,0,37,0,0,0
70.33,38,38,0,0,0,1,1,0,0,37,0,0,0
48.80,38,38,0,0,0,1,1,0,0,37,0,0,0
80.79,38,38,0,0,0,1,1,0,0,37,0,0,0
47.33,38,38,0,0,0,1,1,0,0,37,1,0,0
146.00,38,38,0,0,0,1,1,0,0,37,0,0,0
108.50,38,38,0,0,0,1,1,0,0,37,0,0,0
58.69,39,38,0,0,0,1,1,0,0,38,1,0,0
99.07,47,47,0,0,0,1,1,0,0,46,0,0,0
27.41,52,52,0,0,0,1,1,0,0,51,0,0,0
21.05,52,52,0,0,0,1,1,0,0,51,0,0,0
51.26,52,52,0,0,0,1,1,0,0,51,0,0,0
42.75,52,52,0,0,0,1,1,0,0,51,0,0,0
53.92,52,52,0,0,0,1,1,0,0,51,0,0,0
28.92,52,52,0,0,0,1,1,0,0,51,0,0,0
16.82,52,52,0,0,0,1,1,0,0,51,0,0,0
19.06,52,52,0,0,0,1,1,0,0,51,0,0,0
15.09,52,52,0,0,0,1,1,0,0,51,0,0,0
18.19,52,52,0,0,0,1,1,0,0,51,0,0,0
42.33,52,52,0,0,0,1,1,0,0,51,0,0,0
21.19,52,52,0,0,0,1,0,0,0,51,0,0,0
78.98,53,52,0,0,0,1,0,0,0,52,1,0,0
45.50,52,52,0,0,0,1,0,0,0,51,0,0,0
30.64,52,51,0,0,0,1,0,0,0,51,1,0,0
25.69,51,51,0,0,0,1,0,0,0,50,0,0,0
15.88,51,51,0,0,0,1,0,0,0,50,1,0,0
16.09,51,51,0,0,0,1,0,0,0,50,0,0,0
19.55,51,51,0,0,0,1,1,0,0,50,0,0,0
79.46,51,51,0,0,0,1,1,0,0,50,0,0,0
51.23,51,51,0,0,0,1,1,0,0,50,1,0,0
31.34,51,51,0,0,0,1,1,0,0,50,0,0,0
18.21,51,51,0,0,0,1,1,0,0,50,0,0,0
44.94,51,51,0,0,0,1,0,0,0,50,0,0,0
40.96,51,51,0,0,0,1,0,0,0,50,0,0,0
25.85,51,51,0,0,0,1,0,0,0,50,0,0,0
715.13,51,51,0,0,0,1,0,0,0,50,0,0,0
36.87,52,51,0,0,0,1,0,0,0,51,1,0,0
33.42,51,51,0,0,0,1,0,0,0,50,0,0,0
30.61,51,51,0,0,0,1,0,0,0,50,0,0,0
67.79,59,52,0,0,0,1,0,0,0,58,0,0,0
22.65,59,52,0,0,0,1,0,0,0,58,0,0,0
23.43,59,52,0,0,0,1,0,0,0,58,0,0,0
25.38,51,51,0,0,0,1,0,0,0,50,0,0,0
19.19,51,51,0,0,0,1,1,0,0,50,1,0,0
22.99,40,40,0,0,0,1,1,0,0,39,0,0,0
14.63,40,40,0,0,0,1,0,0,0,39,0,0,0
15.52,40,40,0,0,0,1,0,0,0,39,0,0,0
16.64,40,40,0,0,0,1,0,0,0,39,0,0,0
18.71,40,40,0,0,0,1,0,0,0,39,0,0,0
21.29,40,40,0,0,0,1,0,0,0,39,0,0,0
21.97,40,40,0,0,0,1,0,0,0,39,1,0,0
18.60,40,40,0,0,0,1,0,0,0,39,0,0,0
19.43,40,40,0,0,0,1,0,0,0,39,0,0,0
67.01,40,40,0,0,0,1,0,0,0,39,0,0,0
12.72,40,40,0,0,0,1,0,0,0,39,0,0,0
11.67,40,40,0,0,0,1,0,0,0,39,0,0,0
14.01,40,40,0,0,0,1,0,0,0,39,0,0,0
14.90,40,40,0,0,0,1,0,0,0,39,0,0,0
13.37,40,40,0,0,0,1,0,0,0,39,0,0,0
13.47,40,40,0,0,0,1,0,0,0,39,0,0,0
12.61,40,40,0,0,0,1,0,0,0,39,0,0,0
13.79,40,40,0,0,0,1,0,0,0,39,0,0,0
13.93,40,40,0,0,0,1,0,0,0,39,0,0,0
16.00,40,40,0,0,0,1,0,0,0,39,0,0,0
15.55,40,40,0,0,0,1,0,0,0,39,0,0,0
17.48,40,40,0,0,0,1,0,0,0,39,0,0,0
18.81,40,40,0,0,0,1,0,0,0,39,0,0,0
16.23,40,40,0,0,0,1,0,0,0,39,0,0,0
16.14,40,40,0,0,0,1,0,0,0,39,0,0,0
12.96,40,40,0,0,0,1,0,0,0,39,0,0,0
11.87,40,40,0,0,0,1,0,0,0,39,0,0,0
13.37,41,40,0,0,0,1,0,0,0,40,1,0,0
15.14,40,40,0,0,0,1,0,0,0,39,0,0,0
15.46,40,40,0,0,0,1,0,0,0,39,0,0,0
59.76,40,40,0,0,0,1,0,0,0,39,0,0,0
12.96,40,40,0,0,0,1,0,0,0,39,0,0,0
13.94,40,40,0,0,0,1,2,0,0,39,0,0,0
14.57,40,40,0,0,0,1,2,0,0,39,0,0,0
15.70,40,40,0,0,0,1,2,0,0,39,1,0,0
12.86,40,40,0,0,0,1,2,0,0,39,0,0,0
13.20,40,40,0,0,0,1,2,0,0,39,0,0,0
12.79,40,40,0,0,0,1,2,0,0,39,0,0,0
14.97,40,40,0,0,0,1,2,0,0,39,0,0,0
22.67,40,40,0,0,0,1,2,0,0,39,0,0,0
14.44,40,40,0,0,0,1,2,0,0,39,0,0,0
12.94,40,40,0,0,0,1,2,0,0,39,0,0,0
13.85,40,40,0,0,0,1,2,0,0,39,0,0,0
14.29,40,40,0,0,0,1,2,0,0,39,0,0,0
14.99,40,40,0,0,0,1,2,0,0,39,0,0,0
15.77,40,40,0,0,0,1,2,0,0,39,0,0,0
15.23,40,40,0,0,0,1,2,0,0,39,0,0,0
12.10,40,40,0,0,0,1,2,0,0,39,0,0,0
15.21,40,40,0,0,0,1,2,0,0,39,0,0,0
15.15,40,40,0,0,0,1,2,0,0,39,0,0,0
14.82,40,40,0,0,0,1,2,0,0,39,0,0,0
16.48,40,40,0,0,0,1,2,0,0,39,0,0,0
12.83,40,40,0,0,0,1,2,0,0,39,0,0,0
15.49,40,40,0,0,0,1,2,0,0,39,0,0,0
14.55,40,40,0,0,0,1,2,0,0,39,0,0,0
12.96,40,40,0,0,0,1,2,0,0,39,0,0,0
12.23,40,40,0,0,0,1,2,0,0,39,0,0,0
11.78,40,40,0,0,0,1,2,0,0,39,1,0,0
14.46,40,40,0,0,0,1,2,0,0,39,0,0,0
14.38,40,40,0,0,0,1,2,0,0,39,0,0,0
14.99,40,40,0,0,0,1,2,0,0,39,0,0,0
12.15,40,40,0,0,0,1,2,0,0,39,0,0,0
11.66,40,40,0,0,0,1,2,0,0,39,0,0,0
14.00,40,40,0,0,0,1,2,0,0,39,0,0,0
13.14,40,40,0,0,0,1,2,0,0,39,0,0,0
16.50,40,40,0,0,0,1,2,0,0,39,0,0,0
13.76,40,40,0,0,0,1,2,0,0,39,0,0,0
12.24,40,40,0,0,0,1,2,0,0,39,0,0,0
13.41,40,40,0,0,0,1,2,0,0,39,0,0,0
15.42,40,40,0,0,0,1,2,0,0,39,0,0,0
15.25,40,40,0,0,0,1,2,0,0,39,0,0,0
12.82,40,40,0,0,0,1,2,0,0,39,0,0,0
14.26,40,40,0,0,0,1,2,0,0,39,0,0,0
17.42,40,40,0,0,0,1,2,0,0,39,1,0,0
16.47,40,40,0,0,0,1,2,0,0,39,0,0,0
17.05,40,40,0,0,0,1,2,0,0,39,0,0,0
13.32,40,40,0,0,0,1,2,0,0,39,0,0,0
15.77,40,40,0,0,0,1,2,0,0,39,0,0,0
13.56,40,40,0,0,0,1,2,0,0,39,0,0,0
17.11,40,40,0,0,0,1,2,0,0,39,0,0,0
12.83,40,40,0,0,0,1,2,0,0,39,0,0,0
13.29,40,40,0,0,0,1,2,0,0,39,0,0,0
13.95,40,40,0,0,0,1,2,0,0,39,0,0,0
13.09,40,40,0,0,0,1,2,0,0,39,0,0,0
14.43,40,40,0,0,0,1,2,0,0,39,0,0,0
16.00,40,40,0,0,0,1,2,0,0,39,0,0,0
13.85,40,40,0,0,0,1,2,0,0,39,0,0,0
12.38,40,40,0,0,0,1,2,0,0,39,0,0,0
12.24,40,40,0,0,0,1,2,0,0,39,0,0,0
18.03,40,40,0,0,0,1,2,0,0,39,0,0,0
14.55,40,40,0,0,0,1,2,0,0,39,0,0,0
16.82,40,40,0,0,0,1,2,0,0,39,0,0,0
13.79,40,40,0,0,0,1,2,0,0,39,0,0,0
13.08,40,40,0,0,0,1,2,0,0,39,0,0,0
15.45,40,40,0,0,0,1,2,0,0,39,0,0,0
18.03,40,40,0,0,0,1,2,0,0,39,0,0,0
17.68,40,40,0,0,0,1,2,0,0,39,0,0,0
14.56,40,40,0,0,0,1,2,0,0,39,0,0,0
12.94,40,40,0,0,0,1,1,0,0,39,1,0,0
12.85,40,40,0,0,0,1,1,0,0,39,0,0,0
12.49,40,40,0,0,0,1,1,0,0,39,0,0,0
11.88,40,40,0,0,0,1,1,0,0,39,0,0,0
19.74,40,40,0,0,0,1,1,0,0,39,0,0,0
17.54,40,40,0,0,0,1,1,0,0,39,0,0,0
15.83,40,40,0,0,0,1,1,0,0,39,0,0,0
15.00,40,40,0,0,0,1,1,0,0,39,0,0,0
15.29,40,40,0,0,0,1,1,0,0,39,0,0,0
14.10,41,40,0,0,0,1,1,0,0,40,1,0,0
15.30,40,40,0,0,0,1,1,0,0,39,0,0,0
14.56,40,40,0,0,0,1,1,0,0,39,0,0,0
15.57,40,40,0,0,0,1,1,0,0,39,0,0,0
14.69,40,40,0,0,0,1,1,0,0,39,0,0,0
15.10,40,40,0,0,0,1,1,0,0,39,0,0,0
17.96,40,40,0,0,0,1,1,0,0,39,0,0,0
18.49,40,40,0,0,0,1,1,0,0,39,0,0,0
17.80,40,40,0,0,0,1,1,0,0,39,0,0,0
17.31,40,40,0,0,0,1,1,0,0,39,0,0,0
16.67,40,40,0,0,0,1,1,0,0,39,0,0,0
15.94,40,40,0,0,0,1,1,0,0,39,0,0,0
16.67,40,40,0,0,0,1,1,0,0,39,0,0,0
14.94,40,40,0,0,0,1,1,0,0,39,0,0,0
16.00,39,39,0,0,0,1,1,0,0,38,0,0,0
15.90,39,39,0,0,0,1,1,0,0,38,0,0,0
13.87,39,39,0,0,0,1,1,0,0,38,0,0,0
16.45,39,39,0,0,0,1,1,0,0,38,0,0,0
17.02,39,39,0,0,0,1,1,0,0,38,0,0,0
18.20,39,39,0,0,0,1,1,0,0,38,0,0,0
14.99,39,39,0,0,0,1,1,0,0,38,0,0,0
14.54,39,39,0,0,0,1,1,0,0,38,0,0,0
13.45,39,39,0,0,0,1,1,0,0,38,0,0,0
15.06,39,39,0,0,0,1,1,0,0,38,0,0,0
16.36,39,39,0,0,0,1,1,0,0,38,0,0,0
16.53,39,39,0,0,0,1,1,0,0,38,0,0,0
18.47,39,39,0,0,0,1,1,0,0,38,0,0,0
19.28,39,39,0,0,0,1,1,0,0,38,0,0,0
15.72,39,39,0,0,0,1,1,0,0,38,0,0,0
16.60,39,39,0,0,0,1,1,0,0,38,0,0,0
16.81,39,39,0,0,0,1,1,0,0,38,0,0,0
14.28,39,39,0,0,0,1,1,0,0,38,0,0,0
16.46,39,39,0,0,0,1,1,0,0,38,0,0,0
16.10,39,39,0,0,0,1,1,0,0,38,0,0,0
17.07,39,39,0,0,0,1,1,0,0,38,0,0,0
73.65,39,39,0,0,0,1,1,0,0,38,0,0,0
14.00,39,39,0,0,0,1,1,0,0,38,0,0,0
14.74,39,39,0,0,0,1,1,0,0,38,0,0,0
16.13,39,39,0,0,0,1,1,0,0,38,0,0,0
13.98,39,39,0,0,0,1,1,0,0,38,0,0,0
14.79,39,39,0,0,0,1,1,0,0,38,0,0,0
16.29,39,39,0,0,0,1,1,0,0,38,0,0,0
15.65,39,39,0,0,0,1,1,0,0,38,0,0,0
15.66,39,39,0,0,0,1,1,0,0,38,0,0,0
16.86,39,39,0,0,0,1,1,0,0,38,0,0,0
16.25,39,39,0,0,0,1,1,0,0,38,0,0,0
15.53,39,39,0,0,0,1,1,0,0,38,0,0,0
15.42,39,39,0,0,0,1,1,0,0,38,0,0,0
15.65,39,39,0,0,0,1,1,0,0,38,0,0,0
13.92,39,39,0,0,0,1,1,0,0,38,0,0,0
13.17,39,39,0,0,0,1,1,0,0,38,0,0,0
72.59,39,39,0,0,0,1,1,0,0,38,0,0,0
12.76,39,39,0,0,0,1,1,0,0,38,0,0,0
14.50,39,39,0,0,0,1,1,0,0,38,0,0,0
17.22,39,39,0,0,0,1,1,0,0,38,0,0,0
18.37,39,39,0,0,0,1,1,0,0,38,0,0,0
20.55,39,39,0,0,0,1,1,0,0,38,0,0,0
16.48,39,39,0,0,0,1,1,0,0,38,0,0,0
18.04,39,39,0,0,0,1,1,0,0,38,0,0,0
15.14,39,39,0,0,0,1,1,0,0,38,0,0,0
14.97,39,39,0,0,0,1,1,0,0,38,0,0,0
14.97,39,39,0,0,0,1,1,0,0,38,0,0,0
16.96,39,39,0,0,0,1,1,0,0,38,0,0,0
17.19,39,39,0,0,0,1,1,0,0,38,0,0,0
12.32,39,39,0,0,0,1,1,0,0,38,0,0,0
14.11,39,39,0,0,0,1,1,0,0,38,0,0,0
65.44,39,39,0,0,0,1,1,0,0,38,0,0,0
15.33,39,39,0,0,0,1,1,0,0,38,0,0,0
14.35,39,39,0,0,0,1,1,0,0,38,0,0,0
16.63,39,39,0,0,0,1,1,0,0,38,0,0,0
14.50,39,39,0,0,0,1,1,0,0,38,0,0,0
16.93,39,39,0,0,0,1,2,0,0,38,0,0,0
14.90,40,39,0,0,0,1,1,0,0,39,1,0,0
16.45,39,39,0,0,0,1,1,0,0,38,0,0,0
13.45,40,39,0,0,0,1,1,0,0,39,1,0,0
15.89,39,39,0,0,0,1,1,0,0,38,0,0,0
16.38,39,39,0,0,0,1,1,0,0,38,0,0,0
15.54,39,39,0,0,0,1,1,0,0,38,0,0,0
18.29,39,39,0,0,0,1,1,0,0,38,0,0,0
17.70,39,39,0,0,0,1,1,0,0,38,0,0,0
17.21,40,39,0,0,0,1,1,0,0,39,1,0,0
15.22,39,39,0,0,0,1,1,0,0,38,0,0,0
17.02,39,39,0,0,0,1,1,0,0,38,1,0,0
15.95,39,39,0,0,0,1,1,0,0,38,0,0,0
15.70,39,39,0,0,0,1,1,0,0,38,0,0,0
15.22,39,39,0,0,0,1,1,0,0,38,0,0,0
16.16,39,39,0,0,0,1,1,0,0,38,0,0,0
13.96,39,39,0,0,0,1,1,0,0,38,0,0,0
51.52,39,39,0,0,0,1,1,0,0,38,0,0,0
13.83,39,39,0,0,0,1,1,0,0,38,0,0,0
16.62,39,39,0,0,0,1,1,0,0,38,0,0,0
13.12,39,39,0,0,0,1,1,0,0,38,0,0,0
19.09,39,39,0,0,0,1,1,0,0,38,0,0,0
14.20,39,39,0,0,0,1,1,0,0,38,0,0,0
11.89,39,39,0,0,0,1,1,0,0,38,0,0,0
14.07,39,39,0,0,0,1,1,0,0,38,0,0,0
14.48,39,39,0,0,0,1,1,0,0,38,0,0,0
16.22,39,39,0,0,0,1,1,0,0,38,0,0,0
13.79,39,39,0,0,0,1,1,0,0,38,0,0,0
29.87,39,39,0,0,0,1,1,0,0,38,0,0,0
14.42,39,39,0,0,0,1,1,0,0,38,0,0,0
16.49,39,39,0,0,0,1,1,0,0,38,0,0,0
15.55,39,39,0,0,0,1,1,0,0,38,0,0,0
14.36,39,39,0,0,0,1,1,0,0,38,0,0,0
15.43,39,39,0,0,0,1,1,0,0,38,0,0,0
20.03,39,39,0,0,0,1,1,0,0,38,0,0,0
17.94,39,39,0,0,0,1,1,0,0,38,0,0,0
15.97,39,39,0,0,0,1,1,0,0,38,0,0,0
17.22,39,39,0,0,0,1,1,0,0,38,0,0,0
17.92,39,39,0,0,0,1,1,0,0,38,0,0,0
20.60,39,39,0,0,0,1,1,0,0,38,0,0,0
17.93,39,39,0,0,0,1,1,0,0,38,0,0,0
22.54,39,39,0,0,0,1,1,0,0,38,0,0,0
21.23,39,39,0,0,0,1,1,0,0,38,0,0,0
15.93,39,39,0,0,0,1,1,0,0,38,0,0,0
14.79,39,39,0,0,0,1,1,0,0,38,0,0,0
18.48,39,39,0,0,0,1,1,0,0,38,0,0,0
22.07,39,39,0,0,0,1,1,0,0,38,0,0,0
18.27,39,39,0,0,0,1,1,0,0,38,0,0,0
18.12,39,39,0,0,0,1,1,0,0,38,0,0,0
18.65,39,39,0,0,0,1,1,0,0,38,0,0,0
19.49,39,39,0,0,0,1,1,0,0,38,0,0,0
23.93,39,39,0,0,0,1,1,0,0,38,0,0,0
25.91,39,39,0,0,0,1,1,0,0,38,0,0,0
17.80,39,39,0,0,0,1,1,0,0,38,0,0,0
15.68,39,39,0,0,0,1,1,0,0,38,0,0,0
16.22,39,39,0,0,0,1,1,0,0,38,0,0,0
14.28,39,39,0,0,0,1,1,0,0,38,0,0,0
13.88,39,39,0,0,0,1,1,0,0,38,0,0,0
16.08,39,39,0,0,0,1,1,0,0,38,0,0,0
14.79,39,39,0,0,0,1,1,0,0,38,0,0,0
14.90,39,39,0,0,0,1,1,0,0,38,0,0,0
21.58,39,39,0,0,0,1,1,0,0,38,0,0,0
16.50,39,39,0,0,0,1,1,0,0,38,0,0,0
13.90,39,39,0,0,0,1,1,0,0,38,0,0,0
16.28,39,39,0,0,0,1,1,0,0,38,0,0,0
15.25,39,39,0,0,0,1,1,0,0,38,0,0,0
16.49,39,39,0,0,0,1,1,0,0,38,0,0,0
20.95,39,39,0,0,0,1,1,0,0,38,0,0,0
18.90,39,39,0,0,0,1,1,0,0,38,0,0,0
16.88,39,39,0,0,0,1,1,0,0,38,0,0,0
18.18,39,39,0,0,0,1,1,0,0,38,0,0,0
17.32,39,39,0,0,0,1,1,0,0,38,0,0,0
17.65,39,39,0,0,0,1,1,0,0,38,0,0,0
15.58,39,39,0,0,0,1,1,0,0,38,1,0,0
16.90,39,39,0,0,0,1,1,0,0,38,0,0,0
21.81,40,39,0,0,0,1,1,0,0,39,1,0,0
16.85,39,39,0,0,0,1,1,0,0,38,0,0,0
16.96,40,39,0,0,0,1,1,0,0,39,1,0,0
18.79,39,39,0,0,0,1,1,0,0,38,0,0,0
16.87,39,39,0,0,0,1,1,0,0,38,0,0,0
15.53,39,39,0,0,0,1,1,0,0,38,0,0,0
17.27,39,39,0,0,0,1,1,0,0,38,0,0,0
17.00,39,39,0,0,0,1,1,0,0,38,0,0,0
19.35,39,39,0,0,0,1,1,0,0,38,0,0,0
18.16,39,39,0,0,0,1,1,0,0,38,0,0,0
15.43,39,39,0,0,0,1,1,0,0,38,0,0,0
16.54,39,39,0,0,0,1,1,0,0,38,0,0,0
17.49,39,39,0,0,0,1,1,0,0,38,0,0,0
16.82,39,39,0,0,0,1,1,0,0,38,0,0,0
14.95,39,39,0,0,0,1,1,0,0,38,0,0,0
16.24,39,39,0,0,0,1,1,0,0,38,0,0,0
16.13,39,39,0,0,0,1,1,0,0,38,0,0,0
14.24,39,39,0,0,0,1,1,0,0,38,0,0,0
14.86,39,39,0,0,0,1,1,0,0,38,0,0,0
17.40,39,39,0,0,0,1,1,0,0,38,0,0,0
16.05,39,39,0,0,0,1,1,0,0,38,0,0,0
16.55,39,39,0,0,0,1,1,0,0,38,0,0,0
16.22,39,39,0,0,0,1,1,0,0,38,0,0,0
16.39,39,39,0,0,0,1,1,0,0,38,0,0,0
15.78,39,39,0,0,0,1,1,0,0,38,0,0,0
17.53,39,39,0,0,0,1,1,0,0,38,0,0,0
15.61,39,39,0,0,0,1,1,0,0,38,0,0,0
16.87,39,39,0,0,0,1,1,0,0,38,0,0,0
15.28,39,39,0,0,0,1,1,0,0,38,0,0,0
14.87,39,39,0,0,0,1,1,0,0,38,0,0,0
15.65,39,39,0,0,0,1,1,0,0,38,0,0,0
18.64,39,39,0,0,0,1,1,0,0,38,0,0,0
22.80,39,39,0,0,0,1,1,0,0,38,0,0,0
15.66,39,39,0,0,0,1,1,0,0,38,0,0,0
19.27,39,39,0,0,0,1,1,0,0,38,0,0,0
17.31,39,39,0,0,0,1,1,0,0,38,0,0,0
16.82,39,39,0,0,0,1,1,0,0,38,0,0,0
17.41,39,39,0,0,0,1,1,0,0,38,0,0,0
14.53,39,39,0,0,0,1,1,0,0,38,0,0,0
13.88,39,39,0,0,0,1,1,0,0,38,0,0,0
16.66,39,39,0,0,0,1,1,0,0,38,0,0,0
17.34,39,39,0,0,0,1,1,0,0,38,0,0,0
16.38,40,39,0,0,0,1,1,0,0,39,1,0,0
15.20,39,39,0,0,0,1,1,0,0,38,0,0,0
15.23,39,39,0,0,0,1,1,0,0,38,1,0,0
15.43,39,39,0,0,0,1,1,0,0,38,0,0,0
19.86,39,39,0,0,0,1,1,0,0,38,1,0,0
17.13,39,39,0,0,0,1,1,0,0,38,0,0,0
14.76,39,39,0,0,0,1,1,0,0,38,0,0,0
15.04,39,39,0,0,0,1,1,0,0,38,0,0,0
15.59,39,39,0,0,0,1,1,0,0,38,0,0,0
18.34,39,39,0,0,0,1,1,0,0,38,0,0,0
14.37,39,39,0,0,0,1,1,0,0,38,0,0,0
16.91,39,39,0,0,0,1,1,0,0,38,0,0,0
14.44,39,39,0,0,0,1,1,0,0,38,0,0,0
14.47,39,39,0,0,0,1,1,0,0,38,0,0,0
15.44,39,39,0,0,0,1,1,0,0,38,0,0,0
16.09,39,39,0,0,0,1,1,0,0,38,0,0,0
15.09,39,39,0,0,0,1,1,0,0,38,0,0,0
15.83,39,39,0,0,0,1,1,0,0,38,0,0,0
15.41,39,39,0,0,0,1,1,0,0,38,0,0,0
17.65,39,39,0,0,0,1,1,0,0,38,0,0,0
19.22,39,39,0,0,0,1,1,0,0,38,0,0,0
16.38,39,39,0,0,0,1,1,0,0,38,0,0,0
20.50,39,39,0,0,0,1,1,0,0,38,0,0,0
15.73,39,39,0,0,0,1,1,0,0,38,0,0,0
18.23,39,39,0,0,0,1,1,0,0,38,0,0,0
15.04,39,39,0,0,0,1,1,0,0,38,0,0,0
16.50,39,39,0,0,0,1,1,0,0,38,0,0,0
16.78,39,39,0,0,0,1,1,0,0,38,0,0,0
16.08,39,39,0,0,0,1,1,0,0,38,0,0,0
17.51,39,39,0,0,0,1,1,0,0,38,0,0,0
16.96,39,39,0,0,0,1,1,0,0,38,0,0,0
19.21,39,39,0,0,0,1,1,0,0,38,0,0,0
14.90,39,39,0,0,0,1,1,0,0,38,0,0,0
16.43,39,39,0,0,0,1,1,0,0,38,0,0,0
15.52,39,39,0,0,0,1,1,0,0,38,0,0,0
16.20,39,39,0,0,0,1,1,0,0,38,0,0,0
16.48,39,39,0,0,0,1,1,0,0,38,0,0,0
15.76,39,39,0,0,0,1,1,0,0,38,0,0,0
17.11,39,39,0,0,0,1,1,0,0,38,0,0,0
18.12,39,39,0,0,0,1,1,0,0,38,0,0,0
15.90,39,39,0,0,0,1,1,0,0,38,0,0,0
18.07,39,39,0,0,0,1,1,0,0,38,0,0,0
17.37,39,39,0,0,0,1,1,0,0,38,0,0,0
15.22,39,39,0,0,0,1,1,0,0,38,0,0,0
19.13,39,39,0,0,0,1,1,0,0,38,0,0,0
17.63,39,39,0,0,0,1,1,0,0,38,0,0,0
16.98,39,39,0,0,0,1,1,0,0,38,1,0,0
14.43,39,39,0,0,0,1,1,0,0,38,0,0,0
16.82,39,39,0,0,0,1,1,0,0,38,0,0,0
16.15,39,39,0,0,0,1,1,0,0,38,0,0,0
17.32,39,39,0,0,0,1,1,0,0,38,0,0,0
14.75,39,39,0,0,0,1,1,0,0,38,0,0,0
15.98,39,39,0,0,0,1,1,0,0,38,0,0,0
17.84,39,39,0,0,0,1,1,0,0,38,0,0,0
18.50,39,39,0,0,0,1,1,0,0,38,0,0,0
20.74,39,39,0,0,0,1,1,0,0,38,0,0,0
19.65,39,39,0,0,0,1,1,0,0,38,0,0,0
15.01,39,39,0,0,0,1,1,0,0,38,0,0,0
16.27,39,39,0,0,0,1,1,0,0,38,0,0,0
20.81,39,39,0,0,0,1,1,0,0,38,0,0,0
15.25,39,39,0,0,0,1,1,0,0,38,0,0,0
15.06,39,39,0,0,0,1,1,0,0,38,0,0,0
13.42,39,39,0,0,0,1,1,0,0,38,0,0,0
14.13,39,39,0,0,0,1,1,0,0,38,0,0,0
17.23,39,39,0,0,0,1,1,0,0,38,0,0,0
15.33,39,39,0,0,0,1,1,0,0,38,0,0,0
15.51,39,39,0,0,0,1,1,0,0,38,0,0,0
15.17,39,39,0,0,0,1,1,0,0,38,0,0,0
15.27,40,39,0,0,0,1,1,0,0,39,1,0,0
22.47,39,39,0,0,0,1,1,0,0,38,0,0,0
17.54,39,39,0,0,0,1,1,0,0,38,0,0,0
16.20,39,39,0,0,0,1,1,0,0,38,0,0,0
19.23,39,39,0,0,0,1,1,0,0,38,0,0,0
21.61,39,39,0,0,0,1,1,0,0,38,0,0,0
19.28,39,39,0,0,0,1,1,0,0,38,0,0,0
17.93,39,39,0,0,0,1,1,0,0,38,0,0,0
14.01,39,39,0,0,0,1,1,0,0,38,0,0,0
15.06,39,39,0,0,0,1,1,0,0,38,0,0,0
19.25,39,39,0,0,0,1,1,0,0,38,0,0,0
18.69,39,39,0,0,0,1,1,0,0,38,0,0,0
17.98,39,39,0,0,0,1,1,0,0,38,0,0,0
17.13,39,39,0,0,0,1,1,0,0,38,0,0,0
16.43,39,39,0,0,0,1,1,0,0,38,0,0,0
14.59,39,39,0,0,0,1,1,0,0,38,0,0,0
16.20,39,39,0,0,0,1,1,0,0,38,0,0,0
14.81,39,39,0,0,0,1,1,0,0,38,0,0,0
12.62,39,39,0,0,0,1,1,0,0,38,0,0,0
14.04,39,39,0,0,0,1,1,0,0,38,0,0,0
17.11,39,39,0,0,0,1,1,0,0,38,0,0,0
15.97,39,39,0,0,0,1,1,0,0,38,0,0,0
22.45,39,39,0,0,0,1,1,0,0,38,0,0,0
13.77,39,39,0,0,0,1,1,0,0,38,0,0,0
24.53,39,39,0,0,0,1,1,0,0,38,0,0,0
18.74,39,39,0,0,0,1,1,0,0,38,0,0,0
15.41,39,39,0,0,0,1,1,0,0,38,0,0,0
16.30,39,39,0,0,0,1,1,0,0,38,0,0,0
18.68,39,39,0,0,0,1,1,0,0,38,0,0,0
18.15,39,39,0,0,0,1,1,0,0,38,1,0,0
15.46,39,39,0,0,0,1,1,0,0,38,0,0,0
16.20,39,39,0,0,0,1,1,0,0,38,0,0,0
16.50,39,39,0,0,0,1,1,0,0,38,0,0,0
19.56,39,39,0,0,0,1,1,0,0,38,0,0,0
19.88,39,39,0,0,0,1,1,0,0,38,1,0,0
19.86,39,39,0,0,0,1,1,0,0,38,0,0,0
19.22,39,39,0,0,0,1,1,0,0,38,0,0,0
34.16,39,39,0,0,0,1,1,0,0,38,0,0,0
22.09,39,39,0,0,0,1,1,0,0,38,0,0,0
19.29,39,39,0,0,0,1,1,0,0,38,0,0,0
16.06,39,39,0,0,0,1,1,0,0,38,0,0,0
14.86,39,39,0,0,0,1,1,0,0,38,0,0,0
16.66,39,39,0,0,0,1,1,0,0,38,0,0,0
15.20,39,39,0,0,0,1,1,0,0,38,0,0,0
15.28,40,39,0,0,0,1,1,0,0,39,1,0,0
14.66,39,39,0,0,0,1,1,0,0,38,0,0,0
16.03,39,39,0,0,0,1,1,0,0,38,0,0,0
16.75,39,39,0,0,0,1,1,0,0,38,0,0,0
13.65,39,39,0,0,0,1,1,0,0,38,0,0,0
13.80,40,39,0,0,0,1,1,0,0,39,1,0,0
15.16,39,39,0,0,0,1,1,0,0,38,0,0,0
16.99,39,39,0,0,0,1,1,0,0,38,0,0,0
17.60,39,39,0,0,0,1,1,0,0,38,0,0,0
17.26,39,39,0,0,0,1,1,0,0,38,0,0,0
19.86,40,39,0,0,0,1,1,0,0,39,1,0,0
14.95,59,40,0,0,0,1,1,0,0,58,0,0,0
16.29,67,40,0,0,0,1,1,0,0,66,0,0,0
20.21,67,40,0,0,0,1,1,0,0,66,0,0,0
14.11,59,40,0,0,0,1,1,0,0,58,0,0,0
14.27,59,40,0,0,0,1,1,0,0,58,0,0,0
87.77,59,40,0,0,0,1,1,0,0,58,0,0,0
16.16,59,40,0,0,0,1,1,0,0,58,0,0,0
16.97,59,40,0,0,0,1,1,0,0,58,0,0,0
16.58,59,40,0,0,0,1,1,0,0,58,0,0,0
14.88,59,40,0,0,0,1,1,0,0,58,0,0,0
13.75,59,40,0,0,0,1,1,0,0,58,0,0,0
14.82,59,40,0,0,0,1,1,0,0,58,0,0,0
15.24,59,40,0,0,0,1,1,0,0,58,0,0,0
18.83,59,40,0,0,0,1,1,0,0,58,0,0,0
32.42,60,40,0,0,0,1,1,0,0,59,1,0,0
29.96,59,40,0,0,0,1,1,0,0,58,0,0,0
19.04,59,40,0,0,0,1,1,0,0,58,0,0,0
14.09,59,40,0,0,0,1,1,0,0,58,0,0,0
14.78,59,40,0,0,0,1,1,0,0,58,0,0,0
15.29,59,40,0,0,0,1,1,0,0,58,0,0,0
17.65,59,40,0,0,0,1,1,0,0,58,0,0,0
17.31,59,40,0,0,0,1,1,0,0,58,0,0,0
13.64,59,40,0,0,0,1,1,0,0,58,0,0,0
17.27,59,40,0,0,0,1,1,0,0,58,0,0,0
16.93,59,40,0,0,0,1,1,0,0,58,0,0,0
13.92,59,40,0,0,0,1,1,0,0,58,0,0,0
17.09,59,40,0,0,0,1,1,0,0,58,0,0,0
18.57,59,40,0,0,0,1,1,0,0,58,0,0,0
17.53,59,40,0,0,0,1,1,0,0,58,0,0,0
21.08,59,40,0,0,0,1,1,0,0,58,0,0,0
23.22,59,40,0,0,0,1,1,0,0,58,0,0,0
17.28,59,40,0,0,0,1,1,0,0,58,0,0,0
19.25,59,40,0,0,0,1,1,0,0,58,0,0,0
15.62,59,40,0,0,0,1,1,0,0,58,0,0,0
18.99,59,40,0,0,0,1,1,0,0,58,0,0,0
17.61,59,40,0,0,0,1,1,0,0,58,0,0,0
16.63,59,40,0,0,0,1,1,0,0,58,0,0,0
18.43,59,40,0,0,0,1,1,0,0,58,0,0,0
16.02,59,40,0,0,0,1,1,0,0,58,0,0,0
17.39,59,40,0,0,0,1,1,0,0,58,0,0,0
14.54,59,40,0,0,0,1,1,0,0,58,0,0,0
15.45,59,40,0,0,0,1,1,0,0,58,0,0,0
15.36,59,40,0,0,0,1,1,0,0,58,0,0,0
14.96,59,40,0,0,0,1,1,0,0,58,0,0,0
16.78,59,40,0,0,0,1,1,0,0,58,0,0,0
14.47,59,40,0,0,0,1,1,0,0,58,0,0,0
13.25,59,40,0,0,0,1,1,0,0,58,0,0,0
14.29,59,40,0,0,0,1,1,0,0,58,0,0,0
15.62,59,40,0,0,0,1,2,0,0,58,0,0,0
14.79,59,40,0,0,0,1,2,0,0,58,0,0,0
13.43,59,40,0,0,0,1,2,0,0,58,0,0,0
9.78,59,40,0,0,0,1,2,0,0,58,0,0,0
11.47,59,40,0,0,0,1,2,0,0,58,0,0,0
9.44,59,40,0,0,0,1,2,0,0,58,0,0,0
12.70,59,40,0,0,0,1,2,0,0,58,0,0,0
10.76,59,40,0,0,0,1,2,0,0,58,0,0,0
10.11,59,40,0,0,0,1,2,0,0,58,0,0,0
9.20,59,40,0,0,0,1,2,0,0,58,0,0,0
10.74,39,39,0,0,0,1,2,0,0,38,0,0,0
11.57,39,39,0,0,0,1,2,0,0,38,0,0,0
10.19,39,39,0,0,0,1,2,0,0,38,0,0,0
8.23,39,39,0,0,0,1,2,0,0,38,0,0,0
7.30,39,39,0,0,0,1,2,0,0,38,0,0,0
8.30,39,39,0,0,0,1,2,0,0,38,0,0,0
7.22,39,39,0,0,0,1,2,0,0,38,0,0,0
11.00,39,39,0,0,0,1,2,0,0,38,0,0,0
8.00,39,39,0,0,0,1,2,0,0,38,0,0,0
7.81,39,39,0,0,0,1,2,0,0,38,0,0,0
7.35,39,39,0,0,0,1,2,0,0,38,0,0,0
7.84,39,39,0,0,0,1,2,0,0,38,0,0,0
6.66,39,39,0,0,0,1,2,0,0,38,0,0,0
9.22,39,39,0,0,0,1,2,0,0,38,0,0,0
7.44,39,39,0,0,0,1,2,0,0,38,0,0,0
8.20,39,39,0,0,0,1,2,0,0,38,0,0,0
6.20,39,39,0,0,0,1,2,0,0,38,0,0,0
10.97,39,39,0,0,0,1,2,0,0,38,0,0,0
8.16,39,39,0,0,0,1,2,0,0,38,0,0,0
7.18,39,39,0,0,0,1,2,0,0,38,0,0,0
6.79,39,39,0,0,0,1,2,0,0,38,0,0,0
10.07,39,39,0,0,0,1,2,0,0,38,0,0,0
7.21,39,39,0,0,0,1,2,0,0,38,0,0,0
7.76,39,39,0,0,0,1,2,0,0,38,0,0,0
8.87,39,39,0,0,0,1,2,0,0,38,0,0,0
7.93,39,39,0,0,0,1,2,0,0,38,0,0,0
7.61,39,39,0,0,0,1,2,0,0,38,0,0,0
7.42,39,39,0,0,0,1,2,0,0,38,0,0,0
7.22,39,39,0,0,0,1,2,0,0,38,0,0,0
6.98,39,39,0,0,0,1,2,0,0,38,0,0,0
7.83,39,39,0,0,0,1,2,0,0,38,0,0,0
7.90,39,39,0,0,0,1,2,0,0,38,0,0,0
6.64,39,39,0,0,0,1,2,0,0,38,0,0,0
8.58,39,39,0,0,0,1,2,0,0,38,0,0,0
8.50,39,39,0,0,0,1,2,0,0,38,0,0,0
7.50,39,39,0,0,0,1,2,0,0,38,0,0,0
7.44,39,39,0,0,0,1,2,0,0,38,0,0,0
7.34,39,39,0,0,0,1,2,0,0,38,0,0,0
7.63,39,39,0,0,0,1,2,0,0,38,0,0,0
9.46,39,39,0,0,0,1,2,0,0,38,0,0,0
7.42,39,39,0,0,0,1,2,0,0,38,0,0,0
6.36,39,39,0,0,0,1,2,0,0,38,0,0,0
9.47,39,39,0,0,0,1,2,0,0,38,0,0,0
7.35,39,39,0,0,0,1,2,0,0,38,0,0,0
6.60,39,39,0,0,0,1,2,0,0,38,0,0,0
7.33,39,39,0,0,0,1,2,0,0,38,0,0,0
8.25,39,39,0,0,0,1,2,0,0,38,0,0,0
6.23,39,39,0,0,0,1,2,0,0,38,0,0,0
7.39,39,39,0,0,0,1,2,0,0,38,0,0,0
7.80,39,39,0,0,0,1,2,0,0,38,0,0,0
8.29,39,39,0,0,0,1,2,0,0,38,0,0,0
8.88,39,39,0,0,0,1,2,0,0,38,0,0,0
7.23,39,39,0,0,0,1,2,0,0,38,0,0,0
5.21,39,39,0,0,0,1,2,0,0,38,0,0,0
9.46,39,39,0,0,0,1,2,0,0,38,0,0,0
7.08,39,39,0,0,0,1,2,0,0,38,0,0,0
9.03,39,39,0,0,0,1,2,0,0,38,0,0,0
7.22,39,39,0,0,0,1,2,0,0,38,0,0,0
6.81,39,39,0,0,0,1,2,0,0,38,0,0,0
6.24,39,39,0,0,0,1,2,0,0,38,0,0,0
6.90,39,39,0,0,0,1,2,0,0,38,0,0,0
9.86,39,39,0,0,0,1,2,0,0,38,0,0,0
5.62,39,39,0,0,0,1,2,0,0,38,0,0,0
6.83,39,39,0,0,0,1,2,0,0,38,0,0,0
7.80,39,39,0,0,0,1,2,0,0,38,0,0,0
7.22,39,39,0,0,0,1,2,0,0,38,0,0,0
7.98,39,39,0,0,0,1,2,0,0,38,0,0,0
8.76,39,39,0,0,0,1,2,0,0,38,0,0,0
8.76,39,39,0,0,0,1,2,0,0,38,0,0,0
8.29,39,39,0,0,0,1,2,0,0,38,0,0,0
8.53,39,39,0,0,0,1,2,0,0,38,0,0,0
7.48,39,39,0,0,0,1,2,0,0,38,0,0,0
10.89,39,39,0,0,0,1,2,0,0,38,0,0,0
8.02,39,39,0,0,0,1,2,0,0,38,0,0,0
16.91,39,39,0,0,0,1,2,0,0,38,0,0,0
10.77,39,39,0,0,0,1,2,0,0,38,0,0,0
6.56,39,39,0,0,0,1,2,0,0,38,0,0,0
8.04,39,39,0,0,0,1,2,0,0,38,0,0,0
6.02,39,39,0,0,0,1,2,0,0,38,0,0,0
8.13,39,39,0,0,0,1,2,0,0,38,0,0,0
6.76,39,39,0,0,0,1,2,0,0,38,0,0,0
7.49,39,39,0,0,0,1,2,0,0,38,0,0,0
7.60,39,39,0,0,0,1,2,0,0,38,0,0,0
6.96,39,39,0,0,0,1,2,0,0,38,0,0,0
8.11,39,39,0,0,0,1,2,0,0,38,0,0,0
6.68,39,39,0,0,0,1,2,0,0,38,0,0,0
10.04,39,39,0,0,0,1,2,0,0,38,0,0,0
8.24,39,39,0,0,0,1,2,0,0,38,0,0,0
9.35,60,41,0,0,0,1,2,0,0,59,0,0,0
12.73,66,41,0,0,0,1,2,0,0,65,0,0,0
9.92,66,41,0,0,0,1,2,0,0,65,0,0,0
10.18,66,41,0,0,0,1,2,0,0,65,0,0,0
9.47,65,40,0,0,0,1,2,0,0,64,0,0,0
7.12,59,40,0,0,0,1,2,0,0,58,0,0,0
6.51,66,40,0,0,0,1,2,0,0,65,1,0,0
9.86,59,40,0,0,0,1,2,0,0,58,0,0,0
6.07,79,40,0,0,0,1,2,0,0,78,0,0,0
9.11,86,41,0,0,0,1,2,0,0,85,0,0,0
10.92,87,41,0,0,0,1,2,0,0,86,1,0,0
10.64,86,41,0,0,0,1,2,0,0,85,0,0,0
9.28,86,41,0,0,0,1,2,0,0,85,0,0,0
9.10,86,41,0,0,0,1,2,0,0,85,0,0,0
9.79,87,41,0,0,0,1,2,0,0,86,1,0,0
6.32,86,41,0,0,0,1,2,0,0,85,0,0,0
7.91,86,41,0,0,0,1,2,0,0,85,0,0,0
7.91,86,41,0,0,0,1,2,0,0,85,0,0,0
7.20,86,41,0,0,0,1,2,0,0,85,1,0,0
7.13,86,41,0,0,0,1,2,0,0,85,0,0,0
9.11,86,41,0,0,0,1,2,0,0,85,0,0,0
7.36,86,41,0,0,0,1,2,0,0,85,0,0,0
10.24,86,41,0,0,0,1,2,0,0,85,1,0,0
7.58,85,40,0,0,0,1,2,0,0,84,0,0,0
6.45,79,40,0,0,0,1,2,0,0,78,0,0,0
7.11,79,40,0,0,0,1,2,0,0,78,0,0,0
10.44,79,40,0,0,0,1,2,0,0,78,0,0,0
9.32,79,40,0,0,0,1,2,0,0,78,0,0,0
6.34,79,40,0,0,0,1,2,0,0,78,0,0,0
7.07,79,40,0,0,0,1,2,0,0,78,0,0,0
8.00,79,40,0,0,0,1,2,0,0,78,0,0,0
9.36,79,40,0,0,0,1,2,0,0,78,0,0,0
6.88,79,40,0,0,0,1,2,0,0,78,0,0,0
7.17,79,40,0,0,0,1,2,0,0,78,0,0,0
17.08,79,40,0,0,0,1,2,0,0,78,0,0,0
52.86,79,40,0,0,0,1,2,0,0,78,0,0,0
123.78,79,40,0,0,0,1,1,0,0,78,0,0,0
72.05,79,40,0,0,0,1,1,0,0,78,0,0,0
30.54,79,40,0,0,0,1,1,0,0,78,0,0,0
15.73,79,40,0,0,0,1,1,0,0,78,0,0,0
14.39,79,40,0,0,0,1,1,0,0,78,0,0,0
13.11,79,40,0,0,0,1,1,0,0,78,0,0,0
9.16,79,40,0,0,0,1,1,0,0,78,0,0,0
9.38,79,40,0,0,0,1,1,0,0,78,0,0,0
11.00,79,40,0,0,0,1,1,0,0,78,0,0,0
10.62,79,40,0,0,0,1,1,0,0,78,0,0,0
10.84,80,40,0,0,0,1,1,0,0,79,1,0,0
9.84,79,40,0,0,0,1,1,0,0,78,0,0,0
11.43,79,40,0,0,0,1,1,0,0,78,0,0,0
10.44,79,40,0,0,0,1,1,0,0,78,0,0,0
9.82,79,40,0,0,0,1,1,0,0,78,0,0,0
9.82,75,40,0,0,0,1,1,0,0,74,0,0,0
10.28,73,40,0,0,0,1,1,0,0,72,0,0,0
13.07,69,40,0,0,0,1,1,0,0,68,0,0,0
8.74,65,40,0,0,0,1,1,0,0,64,0,0,0
20.34,63,40,0,0,0,1,1,0,0,62,0,0,0
8.93,59,40,0,0,0,1,1,0,0,58,0,0,0
8.82,59,40,0,0,0,1,1,0,0,58,0,0,0
8.66,59,40,0,0,0,1,1,0,0,58,0,0,0
11.48,59,40,0,0,0,1,1,0,0,58,0,0,0
9.00,59,40,0,0,0,1,1,0,0,58,0,0,0
8.58,59,40,0,0,0,1,1,0,0,58,0,0,0
7.84,59,40,0,0,0,1,1,0,0,58,0,0,0
19.26,59,40,0,0,0,1,1,0,0,58,0,0,0
8.76,60,40,0,0,0,1,1,0,0,59,1,0,0
8.90,59,40,0,0,0,1,1,0,0,58,0,0,0
8.57,59,40,0,0,0,1,1,0,0,58,0,0,0
8.96,59,40,0,0,0,1,1,0,0,58,0,0,0
7.91,59,40,0,0,0,1,1,0,0,58,0,0,0
9.62,55,40,0,0,0,1,1,0,0,54,0,0,0
8.65,53,40,0,0,0,1,1,0,0,52,0,0,0
9.01,51,40,0,0,0,1,1,0,0,50,0,0,0
9.09,49,40,0,0,0,1,1,0,0,48,0,0,0
7.84,45,40,0,0,0,1,1,0,0,44,0,0,0
10.07,43,40,0,0,0,1,1,0,0,42,0,0,0
9.87,39,39,0,0,0,1,1,0,0,38,0,0,0
8.80,69,40,0,0,0,1,1,0,0,68,0,0,0
17.76,69,40,0,0,0,1,1,0,0,68,0,0,0
8.88,69,40,0,0,0,1,1,0,0,68,0,0,0
12.40,69,40,0,0,0,1,1,0,0,68,0,0,0
12.64,69,40,0,0,0,1,1,0,0,68,0,0,0
10.48,69,40,0,0,0,1,1,0,0,68,0,0,0
7.46,69,40,0,0,0,1,1,0,0,68,1,0,0
8.76,69,40,0,0,0,1,1,0,0,68,0,0,0
8.25,69,40,0,0,0,1,1,0,0,68,0,0,0
8.12,69,40,0,0,0,1,1,0,0,68,0,0,0
7.65,69,40,0,0,0,1,1,0,0,68,0,0,0
9.37,69,40,0,0,0,1,1,0,0,68,0,0,0
9.61,69,40,0,0,0,1,1,0,0,68,0,0,0
8.65,84,41,0,0,0,1,1,0,0,83,0,0,0
9.18,92,41,0,0,0,1,1,0,0,91,0,0,0
16.89,92,41,0,0,0,1,1,0,0,91,0,0,0
7.94,92,41,0,0,0,1,1,0,0,91,0,0,0
8.34,92,41,0,0,0,1,1,0,0,91,0,0,0
8.54,92,41,0,0,0,1,1,0,0,91,0,0,0
8.69,92,41,0,0,0,1,1,0,0,91,0,0,0
7.22,92,41,0,0,0,1,1,0,0,91,0,0,0
9.05,91,40,0,0,0,1,1,0,0,90,0,0,0
10.08,83,40,0,0,0,1,1,0,0,82,0,0,0
7.96,83,40,0,0,0,1,1,0,0,82,0,0,0
7.89,83,40,0,0,0,1,1,0,0,82,0,0,0
9.23,83,40,0,0,0,1,1,0,0,82,0,0,0
7.85,83,40,0,0,0,1,1,0,0,82,0,0,0
7.70,83,40,0,0,0,1,1,0,0,82,0,0,0
8.68,91,40,0,0,0,1,1,0,0,90,0,0,0
7.89,92,41,0,0,0,1,1,0,0,91,0,0,0
7.76,90,41,0,0,0,1,1,0,0,89,0,0,0
9.25,90,41,0,0,0,1,1,0,0,89,0,0,0
7.72,90,41,0,0,0,1,1,0,0,89,0,0,0
16.46,90,41,0,0,0,1,1,0,0,89,0,0,0
11.27,90,41,0,0,0,1,1,0,0,89,0,0,0
7.72,90,41,0,0,0,1,1,0,0,89,0,0,0
7.66,90,41,0,0,0,1,1,0,0,89,0,0,0
7.62,90,41,0,0,0,1,1,0,0,89,0,0,0
7.32,90,41,0,0,0,1,1,0,0,89,0,0,0
8.51,90,41,0,0,0,1,1,0,0,89,0,0,0
7.74,90,41,0,0,0,1,1,0,0,89,0,0,0
7.61,90,41,0,0,0,1,1,0,0,89,0,0,0
7.52,90,41,0,0,0,1,1,0,0,89,0,0,0
7.95,90,41,0,0,0,1,1,0,0,89,0,0,0
8.51,90,41,0,0,0,1,1,0,0,89,0,0,0
7.93,90,41,0,0,0,1,1,0,0,89,0,0,0
7.49,90,41,0,0,0,1,1,0,0,89,0,0,0
10.05,90,41,0,0,0,1,1,0,0,89,0,0,0
8.69,90,41,0,0,0,1,1,0,0,89,0,0,0
8.83,90,41,0,0,0,1,1,0,0,89,1,0,0
8.12,90,41,0,0,0,1,1,0,0,89,0,0,0
13.30,90,41,0,0,0,1,1,0,0,89,0,0,0
8.71,90,41,0,0,0,1,1,0,0,89,0,0,0
8.22,90,41,0,0,0,1,1,0,0,89,0,0,0
10.53,91,41,0,0,0,1,1,0,0,90,1,0,0
9.67,89,40,0,0,0,1,1,0,0,88,0,0,0
11.42,83,40,0,0,0,1,1,0,0,82,0,0,0
7.66,83,40,0,0,0,1,1,0,0,82,0,0,0
9.41,83,40,0,0,0,1,1,0,0,82,0,0,0
9.02,83,40,0,0,0,1,1,0,0,82,1,0,0
10.73,83,40,0,0,0,1,1,0,0,82,0,0,0
11.58,83,40,0,0,0,1,1,0,0,82,0,0,0
16.04,83,40,0,0,0,1,1,0,0,82,0,0,0
17.10,83,40,0,0,0,1,1,0,0,82,0,0,0
11.33,83,40,0,0,0,1,1,0,0,82,0,0,0
14.88,83,40,0,0,0,1,1,0,0,82,0,0,0
18.14,83,40,0,0,0,1,1,0,0,82,0,0,0
16.89,83,40,0,0,0,1,1,0,0,82,0,0,0
29.87,83,40,0,0,0,1,1,0,0,82,0,0,0
43.95,83,40,0,0,0,1,1,0,0,82,0,0,0
30.51,118,41,0,0,0,1,1,0,0,117,0,0,0
63.57,130,40,0,0,0,1,1,0,0,129,1,0,0
26.38,129,40,0,0,0,1,1,0,0,128,0,0,0
18.91,129,40,0,0,0,1,1,0,0,128,0,0,0
18.36,129,40,0,0,0,1,1,0,0,128,0,0,0
17.95,129,40,0,0,0,1,1,0,0,128,0,0,0
17.84,129,40,0,0,0,1,1,0,0,128,0,0,0
19.03,129,40,0,0,0,1,1,0,0,128,0,0,0
35.84,149,40,0,0,0,1,1,0,0,148,0,0,0
29.57,119,40,0,0,0,1,1,0,0,118,0,0,0
18.27,119,40,0,0,0,1,1,0,0,118,0,0,0
18.19,119,40,0,0,0,1,1,0,0,118,0,0,0
19.30,119,40,0,0,0,1,1,0,0,118,0,0,0
14.81,119,40,0,0,0,1,1,0,0,118,0,0,0
14.94,119,40,0,0,0,1,1,0,0,118,0,0,0
13.51,119,40,0,0,0,1,1,0,0,118,0,0,0
13.52,119,40,0,0,0,1,1,0,0,118,0,0,0
14.88,119,40,0,0,0,1,1,0,0,118,0,0,0
15.81,119,40,0,0,0,1,1,0,0,118,0,0,0
17.70,119,40,0,0,0,1,1,0,0,118,1,0,0
17.03,119,40,0,0,0,1,1,0,0,118,0,0,0
20.15,119,40,0,0,0,1,1,0,0,118,0,0,0
15.46,119,40,0,0,0,1,1,0,0,118,0,0,0
12.84,119,40,0,0,0,1,1,0,0,118,0,0,0
14.93,117,40,0,0,0,1,1,0,0,116,0,0,0
15.70,113,40,0,0,0,1,1,0,0,112,0,0,0
13.52,109,40,0,0,0,1,1,0,0,108,0,0,0
14.44,105,40,0,0,0,1,1,0,0,104,0,0,0
13.41,101,40,0,0,0,1,1,0,0,100,0,0,0
12.31,99,40,0,0,0,1,1,0,0,98,0,0,0
97.11,97,40,0,0,0,1,1,0,0,96,1,0,0
15.12,87,40,0,0,0,1,1,0,0,86,0,0,0
15.86,83,40,0,0,0,1,1,0,0,82,0,0,0
12.16,79,40,0,0,0,1,1,0,0,78,0,0,0
12.88,77,40,0,0,0,1,1,0,0,76,0,0,0
13.19,73,40,0,0,0,1,1,0,0,72,0,0,0
13.38,71,40,0,0,0,1,1,0,0,70,0,0,0
11.97,71,40,0,0,0,1,1,0,0,70,0,0,0
13.10,71,40,0,0,0,1,1,0,0,70,0,0,0
12.85,71,40,0,0,0,1,1,0,0,70,0,0,0
16.70,71,40,0,0,0,1,1,0,0,70,0,0,0
18.70,71,40,0,0,0,1,1,0,0,70,0,0,0
19.65,71,40,0,0,0,1,1,0,0,70,0,0,0
17.48,71,40,0,0,0,1,1,0,0,70,0,0,0
17.00,71,40,0,0,0,1,1,0,0,70,0,0,0
20.15,71,40,0,0,0,1,1,0,0,70,0,0,0
21.94,71,40,0,0,0,1,1,0,0,70,0,0,0
25.98,71,40,0,0,0,1,1,0,0,70,1,0,0
16.57,59,40,0,0,0,1,1,0,0,58,0,0,0
13.10,59,40,0,0,0,1,1,0,0,58,0,0,0
13.53,59,40,0,0,0,1,1,0,0,58,0,0,0
16.07,59,40,0,0,0,1,1,0,0,58,0,0,0
14.39,59,40,0,0,0,1,1,0,0,58,0,0,0
92.89,59,40,0,0,0,1,1,0,0,58,0,0,0
16.82,59,40,0,0,0,1,1,0,0,58,0,0,0
16.36,59,40,0,0,0,1,1,0,0,58,0,0,0
16.70,59,40,0,0,0,1,1,0,0,58,0,0,0
14.07,39,39,0,0,0,1,1,0,0,38,0,0,0
14.73,39,39,0,0,0,1,1,0,0,38,0,0,0
15.40,39,39,0,0,0,1,1,0,0,38,0,0,0
15.16,39,39,0,0,0,1,1,0,0,38,0,0,0
16.33,39,39,0,0,0,1,1,0,0,38,0,0,0
14.54,39,39,0,0,0,1,1,0,0,38,0,0,0
73.85,39,39,0,0,0,1,1,0,0,38,0,0,0
15.25,66,41,0,0,0,1,1,0,0,65,0,0,0
17.79,72,41,0,0,0,1,1,0,0,71,0,0,0
13.40,72,41,0,0,0,1,1,0,0,71,0,0,0
15.19,72,41,0,0,0,1,1,0,0,71,0,0,0
16.45,71,40,0,0,0,1,1,0,0,70,0,0,0
18.33,65,40,0,0,0,1,1,0,0,64,0,0,0
15.97,86,41,0,0,0,1,1,0,0,85,0,0,0
15.08,92,41,0,0,0,1,1,0,0,91,0,0,0
14.34,92,41,0,0,0,1,1,0,0,91,0,0,0
14.88,92,41,0,0,0,1,1,0,0,91,0,0,0
12.80,92,41,0,0,0,1,1,0,0,91,0,0,0
13.89,92,41,0,0,0,1,1,0,0,91,0,0,0
17.77,92,41,0,0,0,1,1,0,0,91,0,0,0
14.07,92,41,0,0,0,1,1,0,0,91,0,0,0
17.28,92,41,0,0,0,1,1,0,0,91,0,0,0
17.69,92,41,0,0,0,1,1,0,0,91,0,0,0
15.92,91,40,0,0,0,1,1,0,0,90,0,0,0
12.23,85,40,0,0,0,1,1,0,0,84,0,0,0
12.83,85,40,0,0,0,1,1,0,0,84,0,0,0
21.05,85,40,0,0,0,1,1,0,0,84,0,0,0
15.30,114,41,0,0,0,1,1,0,0,113,0,0,0
13.60,120,41,0,0,0,1,1,0,0,119,0,0,0
11.66,120,41,0,0,0,1,1,0,0,119,0,0,0
13.69,120,41,0,0,0,1,1,0,0,119,0,0,0
17.76,120,41,0,0,0,1,1,0,0,119,0,0,0
14.04,120,41,0,0,0,1,1,0,0,119,0,0,0
12.20,120,41,0,0,0,1,1,0,0,119,0,0,0
32.04,121,41,0,0,0,1,0,0,0,120,1,0,0
13.71,120,41,0,0,0,1,0,0,0,119,0,0,0
15.14,120,41,0,0,0,1,0,0,0,119,0,0,0
12.23,119,40,0,0,0,1,0,0,0,118,0,0,0
10.11,113,40,0,0,0,1,0,0,0,112,0,0,0
13.58,113,40,0,0,0,1,0,0,0,112,0,0,0
15.38,113,40,0,0,0,1,0,0,0,112,0,0,0
12.52,113,40,0,0,0,1,0,0,0,112,0,0,0
10.19,113,40,0,0,0,1,0,0,0,112,0,0,0
11.67,113,40,0,0,0,1,0,0,0,112,0,0,0
11.62,113,40,0,0,0,1,0,0,0,112,0,0,0
10.52,113,40,0,0,0,1,0,0,0,112,0,0,0
10.36,113,40,0,0,0,1,0,0,0,112,0,0,0
10.86,113,40,0,0,0,1,0,0,0,112,0,0,0
12.41,113,40,0,0,0,1,0,0,0,112,0,0,0
9.28,113,40,0,0,0,1,0,0,0,112,0,0,0
9.28,113,40,0,0,0,1,0,0,0,112,0,0,0
11.75,113,40,0,0,0,1,0,0,0,112,1,0,0
13.31,113,40,0,0,0,1,0,0,0,112,0,0,0
13.83,113,40,0,0,0,1,0,0,0,112,0,0,0
11.20,113,40,0,0,0,1,0,0,0,112,0,0,0
9.53,113,40,0,0,0,1,0,0,0,112,0,0,0
10.89,113,40,0,0,0,1,0,0,0,112,0,0,0
10.26,113,40,0,0,0,1,0,0,0,112,0,0,0
10.58,113,40,0,0,0,1,0,0,0,112,0,0,0
11.78,113,40,0,0,0,1,0,0,0,112,0,0,0
10.53,113,40,0,0,0,1,0,0,0,112,0,0,0
11.70,113,40,0,0,0,1,0,0,0,112,0,0,0
12.09,113,40,0,0,0,1,0,0,0,112,0,0,0
11.08,113,40,0,0,0,1,0,0,0,112,0,0,0
10.96,113,40,0,0,0,1,0,0,0,112,0,0,0
12.20,113,40,0,0,0,1,0,0,0,112,0,0,0
12.30,113,40,0,0,0,1,0,0,0,112,0,0,0
12.31,113,40,0,0,0,1,0,0,0,112,0,0,0
13.30,113,40,0,0,0,1,0,0,0,112,0,0,0
13.86,113,40,0,0,0,1,0,0,0,112,0,0,0
10.90,113,40,0,0,0,1,1,0,0,112,0,0,0
15.53,113,40,0,0,0,1,1,0,0,112,0,0,0
10.54,113,40,0,0,0,1,1,0,0,112,0,0,0
10.19,113,40,0,0,0,1,1,0,0,112,0,0,0
10.21,113,40,0,0,0,1,1,0,0,112,0,0,0
12.20,113,40,0,0,0,1,1,0,0,112,0,0,0
12.46,113,40,0,0,0,1,1,0,0,112,0,0,0
12.24,114,40,0,0,0,1,1,0,0,113,1,0,0
10.21,113,40,0,0,0,1,1,0,0,112,0,0,0
10.01,113,40,0,0,0,1,1,0,0,112,0,0,0
17.32,113,40,0,0,0,1,1,0,0,112,0,0,0
14.18,113,40,0,0,0,1,1,0,0,112,0,0,0
15.33,113,40,0,0,0,1,1,0,0,112,0,0,0
11.37,113,40,0,0,0,1,1,0,0,112,0,0,0
10.16,113,40,0,0,0,1,1,0,0,112,0,0,0
10.47,87,40,0,0,0,1,1,0,0,86,0,0,0
11.22,87,40,0,0,0,1,1,0,0,86,0,0,0
9.94,87,40,0,0,0,1,1,0,0,86,0,0,0
10.39,88,40,0,0,0,1,1,0,0,87,1,0,0
11.80,87,40,0,0,0,1,1,0,0,86,0,0,0
9.53,87,40,0,0,0,1,1,0,0,86,0,0,0
10.13,87,40,0,0,0,1,1,0,0,86,0,0,0
10.38,87,40,0,0,0,1,1,0,0,86,0,0,0
11.10,87,40,0,0,0,1,1,0,0,86,0,0,0
15.44,87,40,0,0,0,1,1,0,0,86,0,0,0
10.34,87,40,0,0,0,1,1,0,0,86,0,0,0
12.06,87,40,0,0,0,1,1,0,0,86,0,0,0
9.84,87,40,0,0,0,1,1,0,0,86,0,0,0
9.86,83,40,0,0,0,1,1,0,0,82,0,0,0
9.63,79,40,0,0,0,1,1,0,0,78,0,0,0
11.14,77,40,0,0,0,1,1,0,0,76,1,0,0
13.37,71,40,0,0,0,1,1,0,0,70,0,0,0
10.10,67,40,0,0,0,1,1,0,0,66,0,0,0
10.75,67,40,0,0,0,1,1,0,0,66,0,0,0
8.95,67,40,0,0,0,1,1,0,0,66,0,0,0
9.92,61,40,0,0,0,1,1,0,0,60,0,0,0
9.62,57,40,0,0,0,1,1,0,0,56,0,0,0
18.04,45,40,0,0,0,1,1,0,0,44,0,0,0
9.56,39,39,0,0,0,1,1,0,0,38,0,0,0
10.38,39,39,0,0,0,1,1,0,0,38,0,0,0
8.25,39,39,0,0,0,1,1,0,0,38,0,0,0
7.31,39,39,0,0,0,1,1,0,0,38,0,0,0
8.44,40,39,0,0,0,1,1,0,0,39,1,0,0
7.65,39,39,0,0,0,1,1,0,0,38,0,0,0
9.02,39,39,0,0,0,1,1,0,0,38,0,0,0
9.16,39,39,0,0,0,1,1,0,0,38,0,0,0
9.39,39,39,0,0,0,1,1,0,0,38,0,0,0
8.33,39,39,0,0,0,1,1,0,0,38,0,0,0
9.55,39,39,0,0,0,1,1,0,0,38,0,0,0
8.48,39,39,0,0,0,1,1,0,0,38,0,0,0
8.91,39,39,0,0,0,1,1,0,0,38,0,0,0
8.36,39,39,0,0,0,1,1,0,0,38,0,0,0
7.32,39,39,0,0,0,1,1,0,0,38,0,0,0
9.54,39,39,0,0,0,1,1,0,0,38,0,0,0
8.36,39,39,0,0,0,1,1,0,0,38,0,0,0
6.67,39,39,0,0,0,1,1,0,0,38,0,0,0
8.02,39,39,0,0,0,1,1,0,0,38,0,0,0
7.75,39,39,0,0,0,1,1,0,0,38,0,0,0
7.74,39,39,0,0,0,1,1,0,0,38,0,0,0
7.82,39,39,0,0,0,1,1,0,0,38,0,0,0
10.52,39,39,0,0,0,1,1,0,0,38,0,0,0
6.88,39,39,0,0,0,1,1,0,0,38,0,0,0
8.71,39,39,0,0,0,1,1,0,0,38,0,0,0
7.25,39,39,0,0,0,1,1,0,0,38,0,0,0
12.44,39,39,0,0,0,1,1,0,0,38,0,0,0
7.07,39,39,0,0,0,1,1,0,0,38,0,0,0
6.91,40,39,0,0,0,1,1,0,0,39,1,0,0
7.61,39,39,0,0,0,1,1,0,0,38,0,0,0
7.96,39,39,0,0,0,1,1,0,0,38,0,0,0
9.97,39,39,0,0,0,1,1,0,0,38,0,0,0
8.65,40,39,0,0,0,1,1,0,0,39,1,0,0
7.36,39,39,0,0,0,1,1,0,0,38,0,0,0
7.40,39,39,0,0,0,1,1,0,0,38,0,0,0
7.91,39,39,0,0,0,1,1,0,0,38,0,0,0
8.65,40,39,0,0,0,1,1,0,0,39,1,0,0
8.68,39,39,0,0,0,1,1,0,0,38,0,0,0
7.82,39,39,0,0,0,1,1,0,0,38,0,0,0
11.00,39,39,0,0,0,1,1,0,0,38,0,0,0
8.73,39,39,0,0,0,1,1,0,0,38,0,0,0
7.08,39,39,0,0,0,1,1,0,0,38,0,0,0
10.82,39,39,0,0,0,1,1,0,0,38,0,0,0
8.00,39,39,0,0,0,1,1,0,0,38,0,0,0
7.61,39,39,0,0,0,1,1,0,0,38,0,0,0
6.86,39,39,0,0,0,1,1,0,0,38,0,0,0
11.03,39,39,0,0,0,1,1,0,0,38,0,0,0
9.11,39,39,0,0,0,1,1,0,0,38,0,0,0
13.69,39,39,0,0,0,1,1,0,0,38,0,0,0
12.36,39,39,0,0,0,1,2,0,0,38,0,0,0
10.26,39,39,0,0,0,1,2,0,0,38,0,0,0
10.88,39,39,0,0,0,1,2,0,0,38,0,0,0
12.69,39,39,0,0,0,1,2,0,0,38,0,0,0
17.58,39,39,0,0,0,1,2,0,0,38,0,0,0
15.56,39,39,0,0,0,1,2,0,0,38,0,0,0
15.31,39,39,0,0,0,1,2,0,0,38,0,0,0
12.92,39,39,0,0,0,1,2,0,0,38,0,0,0
14.51,39,39,0,0,0,1,2,0,0,38,0,0,0
17.40,39,39,0,0,0,1,2,0,0,38,0,0,0
18.68,39,39,0,0,0,1,2,0,0,38,0,0,0
12.84,39,39,0,0,0,1,2,0,0,38,1,0,0
11.74,39,39,0,0,0,1,2,0,0,38,0,0,0
10.49,39,39,0,0,0,1,2,0,0,38,0,0,0
11.97,39,39,0,0,0,1,2,0,0,38,0,0,0
10.72,39,39,0,0,0,1,2,0,0,38,0,0,0
19.99,39,39,0,0,0,1,2,0,0,38,0,0,0
16.22,39,39,0,0,0,1,1,0,0,38,0,0,0
10.17,39,39,0,0,0,1,1,0,0,38,0,0,0
11.96,39,39,0,0,0,1,1,0,0,38,0,0,0
17.83,39,39,0,0,0,1,1,0,0,38,0,0,0
10.40,39,39,0,0,0,1,1,0,0,38,0,0,0
11.06,39,39,0,0,0,1,1,0,0,38,0,0,0
9.30,39,39,0,0,0,1,1,0,0,38,0,0,0
12.02,39,39,0,0,0,1,1,0,0,38,0,0,0
20.65,39,39,0,0,0,1,1,0,0,38,0,0,0
8.90,39,39,0,0,0,1,1,0,0,38,0,0,0
10.47,39,39,0,0,0,1,1,0,0,38,0,0,0
13.10,39,39,0,0,0,1,1,0,0,38,0,0,0
10.66,39,39,0,0,0,1,1,0,0,38,0,0,0
10.92,39,39,0,0,0,1,1,0,0,38,0,0,0
9.04,39,39,0,0,0,1,1,0,0,38,1,0,0
8.50,39,39,0,0,0,1,1,0,0,38,0,0,0
8.44,39,39,0,0,0,1,1,0,0,38,0,0,0
9.23,39,39,0,0,0,1,1,0,0,38,0,0,0
7.94,39,39,0,0,0,1,1,0,0,38,0,0,0
8.11,40,39,0,0,0,1,1,0,0,39,1,0,0
8.38,39,39,0,0,0,1,1,0,0,38,0,0,0
13.00,39,39,0,0,0,1,1,0,0,38,0,0,0
12.54,39,39,0,0,0,1,1,0,0,38,0,0,0
19.03,39,39,0,0,0,1,1,0,0,38,0,0,0
10.05,39,39,0,0,0,1,1,0,0,38,0,0,0
8.02,39,39,0,0,0,1,1,0,0,38,0,0,0
8.71,39,39,0,0,0,1,1,0,0,38,0,0,0
13.98,39,39,0,0,0,1,1,0,0,38,0,0,0
9.96,40,39,0,0,0,1,1,0,0,39,1,0,0
10.63,39,39,0,0,0,1,1,0,0,38,0,0,0
8.50,39,39,0,0,0,1,1,0,0,38,0,0,0
10.31,39,39,0,0,0,1,1,0,0,38,0,0,0
8.20,39,39,0,0,0,1,1,0,0,38,0,0,0
9.82,39,39,0,0,0,1,1,0,0,38,0,0,0
10.83,39,39,0,0,0,1,1,0,0,38,0,0,0
16.57,39,39,0,0,0,1,1,0,0,38,0,0,0
9.67,39,39,0,0,0,1,1,0,0,38,0,0,0
10.94,40,39,0,0,0,1,1,0,0,39,1,0,0
9.55,39,39,0,0,0,1,1,0,0,38,0,0,0
13.02,39,39,0,0,0,1,1,0,0,38,0,0,0
11.74,39,39,0,0,0,1,1,0,0,38,0,0,0
9.93,39,39,0,0,0,1,1,0,0,38,0,0,0
15.05,39,39,0,0,0,1,1,0,0,38,0,0,0
13.22,39,39,0,0,0,1,1,0,0,38,0,0,0
11.47,39,39,0,0,0,1,1,0,0,38,0,0,0
13.72,39,39,0,0,0,1,1,0,0,38,0,0,0
9.50,39,39,0,0,0,1,1,0,0,38,0,0,0
8.51,39,39,0,0,0,1,1,0,0,38,0,0,0
8.40,39,39,0,0,0,1,1,0,0,38,0,0,0
8.66,39,39,0,0,0,1,1,0,0,38,0,0,0
9.30,39,39,0,0,0,1,1,0,0,38,0,0,0
12.32,39,39,0,0,0,1,1,0,0,38,0,0,0
10.54,39,39,0,0,0,1,1,0,0,38,0,0,0
8.87,39,39,0,0,0,1,1,0,0,38,0,0,0
9.11,39,39,0,0,0,1,1,0,0,38,0,0,0
9.52,39,39,0,0,0,1,1,0,0,38,0,0,0
9.59,39,39,0,0,0,1,1,0,0,38,0,0,0
8.08,39,39,0,0,0,1,1,0,0,38,0,0,0
8.40,39,39,0,0,0,1,1,0,0,38,0,0,0
8.95,39,39,0,0,0,1,1,0,0,38,0,0,0
8.95,39,39,0,0,0,1,1,0,0,38,0,0,0
9.16,39,39,0,0,0,1,1,0,0,38,0,0,0
8.50,39,39,0,0,0,1,1,0,0,38,0,0,0
8.23,39,39,0,0,0,1,1,0,0,38,0,0,0
9.69,39,39,0,0,0,1,1,0,0,38,0,0,0
11.58,39,39,0,0,0,1,1,0,0,38,0,0,0
11.48,39,39,0,0,0,1,1,0,0,38,0,0,0
8.77,39,39,0,0,0,1,1,0,0,38,0,0,0
12.71,39,39,0,0,0,1,1,0,0,38,0,0,0
8.63,39,39,0,0,0,1,1,0,0,38,0,0,0
14.45,39,39,0,0,0,1,1,0,0,38,0,0,0
10.37,39,39,0,0,0,1,1,0,0,38,0,0,0
9.61,39,39,0,0,0,1,1,0,0,38,0,0,0
8.18,39,39,0,0,0,1,1,0,0,38,0,0,0
8.31,39,39,0,0,0,1,1,0,0,38,0,0,0
12.68,39,39,0,0,0,1,1,0,0,38,1,0,0
9.72,39,39,0,0,0,1,1,0,0,38,0,0,0
8.49,39,39,0,0,0,1,1,0,0,38,0,0,0
11.52,39,39,0,0,0,1,1,0,0,38,0,0,0
8.53,39,39,0,0,0,1,1,0,0,38,0,0,0
7.90,39,39,0,0,0,1,1,0,0,38,0,0,0
11.31,39,39,0,0,0,1,1,0,0,38,0,0,0
10.40,39,39,0,0,0,1,1,0,0,38,0,0,0
9.71,39,39,0,0,0,1,1,0,0,38,0,0,0
8.80,39,39,0,0,0,1,1,0,0,38,0,0,0
8.95,39,39,0,0,0,1,1,0,0,38,0,0,0
9.33,39,39,0,0,0,1,1,0,0,38,0,0,0
9.56,39,39,0,0,0,1,1,0,0,38,0,0,0
10.96,74,41,0,0,0,1,1,0,0,73,0,0,0
11.87,80,41,0,0,0,1,1,0,0,79,0,0,0
15.96,80,41,0,0,0,1,1,0,0,79,0,0,0
13.55,80,41,0,0,0,1,1,0,0,79,0,0,0
8.90,80,41,0,0,0,1,1,0,0,79,0,0,0
8.15,80,41,0,0,0,1,1,0,0,79,0,0,0
9.46,80,41,0,0,0,1,1,0,0,79,0,0,0
9.15,80,41,0,0,0,1,1,0,0,79,0,0,0
9.90,80,41,0,0,0,1,1,0,0,79,0,0,0
8.46,80,41,0,0,0,1,1,0,0,79,1,0,0
13.15,80,41,0,0,0,1,1,0,0,79,0,0,0
18.47,80,41,0,0,0,1,1,0,0,79,0,0,0
9.74,88,41,0,0,0,1,1,0,0,87,0,0,0
8.36,94,41,0,0,0,1,1,0,0,93,0,0,0
8.63,95,41,0,0,0,1,1,0,0,94,1,0,0
7.75,94,41,0,0,0,1,1,0,0,93,0,0,0
9.12,93,40,0,0,0,1,1,0,0,92,0,0,0
8.62,87,40,0,0,0,1,1,0,0,86,0,0,0
8.57,87,40,0,0,0,1,1,0,0,86,0,0,0
12.20,87,40,0,0,0,1,1,0,0,86,0,0,0
11.64,87,40,0,0,0,1,1,0,0,86,0,0,0
15.33,87,40,0,0,0,1,1,0,0,86,0,0,0
8.14,87,40,0,0,0,1,1,0,0,86,0,0,0
8.75,87,40,0,0,0,1,1,0,0,86,0,0,0
8.97,87,40,0,0,0,1,1,0,0,86,0,0,0
7.83,87,40,0,0,0,1,1,0,0,86,0,0,0
9.42,87,40,0,0,0,1,1,0,0,86,0,0,0
9.04,87,40,0,0,0,1,1,0,0,86,0,0,0
7.60,87,40,0,0,0,1,1,0,0,86,0,0,0
8.19,87,40,0,0,0,1,1,0,0,86,0,0,0
8.44,87,40,0,0,0,1,1,0,0,86,0,0,0
8.90,87,40,0,0,0,1,1,0,0,86,0,0,0
8.76,87,40,0,0,0,1,1,0,0,86,0,0,0
8.10,87,40,0,0,0,1,1,0,0,86,0,0,0
9.37,87,40,0,0,0,1,1,0,0,86,0,0,0
11.73,87,40,0,0,0,1,1,0,0,86,0,0,0
18.66,87,40,0,0,0,1,1,0,0,86,0,0,0
9.98,87,40,0,0,0,1,1,0,0,86,0,0,0
10.26,87,40,0,0,0,1,1,0,0,86,0,0,0
9.03,87,40,0,0,0,1,1,0,0,86,0,0,0
8.17,87,40,0,0,0,1,1,0,0,86,0,0,0
8.91,87,40,0,0,0,1,1,0,0,86,0,0,0
8.22,87,40,0,0,0,1,1,0,0,86,0,0,0
7.90,87,40,0,0,0,1,1,0,0,86,0,0,0
10.91,87,40,0,0,0,1,1,0,0,86,0,0,0
12.15,87,40,0,0,0,1,1,0,0,86,0,0,0
11.42,87,40,0,0,0,1,1,0,0,86,0,0,0
10.86,87,40,0,0,0,1,1,0,0,86,0,0,0
9.72,87,40,0,0,0,1,1,0,0,86,0,0,0
9.04,87,40,0,0,0,1,1,0,0,86,0,0,0
8.23,87,40,0,0,0,1,1,0,0,86,0,0,0
9.71,87,40,0,0,0,1,1,0,0,86,0,0,0
7.69,53,40,0,0,0,1,1,0,0,52,0,0,0
9.37,53,40,0,0,0,1,1,0,0,52,0,0,0
10.15,53,40,0,0,0,1,1,0,0,52,0,0,0
9.59,53,40,0,0,0,1,1,0,0,52,0,0,0
8.22,53,40,0,0,0,1,1,0,0,52,0,0,0
7.55,53,40,0,0,0,1,1,0,0,52,0,0,0
7.47,53,40,0,0,0,1,1,0,0,52,0,0,0
7.15,53,40,0,0,0,1,1,0,0,52,0,0,0
7.63,53,40,0,0,0,1,1,0,0,52,0,0,0
8.21,53,40,0,0,0,1,1,0,0,52,0,0,0
7.24,54,40,0,0,0,1,1,0,0,53,1,0,0
7.67,53,40,0,0,0,1,1,0,0,52,0,0,0
7.54,53,40,0,0,0,1,1,0,0,52,0,0,0
7.90,53,40,0,0,0,1,1,0,0,52,0,0,0
8.43,53,40,0,0,0,1,1,0,0,52,0,0,0
9.25,53,40,0,0,0,1,1,0,0,52,0,0,0
7.99,53,40,0,0,0,1,1,0,0,52,0,0,0
9.16,53,40,0,0,0,1,1,0,0,52,0,0,0
10.99,54,40,0,0,0,1,1,0,0,53,1,0,0
8.40,53,40,0,0,0,1,1,0,0,52,0,0,0
9.30,53,40,0,0,0,1,1,0,0,52,0,0,0
8.02,53,40,0,0,0,1,1,0,0,52,0,0,0
7.35,53,40,0,0,0,1,1,0,0,52,0,0,0
6.43,53,40,0,0,0,1,1,0,0,52,0,0,0
8.70,53,40,0,0,0,1,1,0,0,52,0,0,0
8.28,53,40,0,0,0,1,1,0,0,52,0,0,0
8.20,53,40,0,0,0,1,1,0,0,52,0,0,0
8.55,53,40,0,0,0,1,1,0,0,52,0,0,0
9.09,53,40,0,0,0,1,1,0,0,52,0,0,0
7.25,53,40,0,0,0,1,1,0,0,52,0,0,0
10.19,53,40,0,0,0,1,1,0,0,52,0,0,0
6.78,53,40,0,0,0,1,1,0,0,52,0,0,0
8.33,53,40,0,0,0,1,1,0,0,52,0,0,0
8.91,53,40,0,0,0,1,1,0,0,52,0,0,0
8.76,53,40,0,0,0,1,1,0,0,52,0,0,0
7.12,53,40,0,0,0,1,1,0,0,52,0,0,0
7.61,53,40,0,0,0,1,1,0,0,52,0,0,0
8.06,53,40,0,0,0,1,1,0,0,52,0,0,0
8.06,53,40,0,0,0,1,1,0,0,52,0,0,0
7.70,54,40,0,0,0,1,1,0,0,53,1,0,0
8.14,53,40,0,0,0,1,1,0,0,52,0,0,0
8.01,53,40,0,0,0,1,1,0,0,52,0,0,0
8.37,53,40,0,0,0,1,1,0,0,52,0,0,0
9.41,39,39,0,0,0,1,1,0,0,38,0,0,0
12.29,39,39,0,0,0,1,1,0,0,38,0,0,0
13.43,39,39,0,0,0,1,1,0,0,38,0,0,0
9.75,39,39,0,0,0,1,1,0,0,38,0,0,0
6.99,39,39,0,0,0,1,1,0,0,38,1,0,0
7.64,39,39,0,0,0,1,1,0,0,38,0,0,0
6.82,39,39,0,0,0,1,1,0,0,38,0,0,0
7.75,39,39,0,0,0,1,1,0,0,38,0,0,0
6.74,39,39,0,0,0,1,1,0,0,38,0,0,0
8.03,39,39,0,0,0,1,1,0,0,38,0,0,0
6.78,39,39,0,0,0,1,1,0,0,38,0,0,0
6.68,39,39,0,0,0,1,1,0,0,38,0,0,0
7.03,39,39,0,0,0,1,1,0,0,38,0,0,0
6.88,39,39,0,0,0,1,1,0,0,38,0,0,0
7.17,39,39,0,0,0,1,1,0,0,38,0,0,0
8.73,39,39,0,0,0,1,1,0,0,38,1,0,0
7.22,39,39,0,0,0,1,1,0,0,38,0,0,0
6.93,39,39,0,0,0,1,1,0,0,38,0,0,0
7.44,39,39,0,0,0,1,1,0,0,38,0,0,0
7.35,39,39,0,0,0,1,1,0,0,38,0,0,0
7.77,39,39,0,0,0,1,1,0,0,38,0,0,0
7.25,39,39,0,0,0,1,1,0,0,38,0,0,0
6.14,39,39,0,0,0,1,1,0,0,38,0,0,0
7.73,39,39,0,0,0,1,1,0,0,38,0,0,0
7.61,39,39,0,0,0,1,1,0,0,38,0,0,0
8.50,39,39,0,0,0,1,1,0,0,38,0,0,0
7.93,39,39,0,0,0,1,1,0,0,38,0,0,0
9.93,39,39,0,0,0,1,1,0,0,38,0,0,0
13.27,39,39,0,0,0,1,1,0,0,38,0,0,0
12.06,39,39,0,0,0,1,1,0,0,38,0,0,0
8.46,39,39,0,0,0,1,1,0,0,38,0,0,0
7.29,39,39,0,0,0,1,1,0,0,38,0,0,0
7.20,39,39,0,0,0,1,1,0,0,38,0,0,0
7.37,39,39,0,0,0,1,1,0,0,38,0,0,0
7.01,39,39,0,0,0,1,1,0,0,38,0,0,0
7.76,39,39,0,0,0,1,1,0,0,38,0,0,0
7.99,39,39,0,0,0,1,1,0,0,38,0,0,0
6.25,39,39,0,0,0,1,1,0,0,38,0,0,0
7.59,39,39,0,0,0,1,1,0,0,38,0,0,0
6.15,39,39,0,0,0,1,1,0,0,38,0,0,0
7.85,39,39,0,0,0,1,1,0,0,38,0,0,0
8.63,39,39,0,0,0,1,1,0,0,38,0,0,0
6.88,39,39,0,0,0,1,1,0,0,38,0,0,0
7.32,39,39,0,0,0,1,1,0,0,38,0,0,0
8.02,39,39,0,0,0,1,1,0,0,38,0,0,0
8.48,39,39,0,0,0,1,1,0,0,38,0,0,0
6.28,40,39,0,0,0,1,1,0,0,39,1,0,0
8.57,39,39,0,0,0,1,2,0,0,38,0,0,0
6.03,39,39,0,0,0,1,2,0,0,38,0,0,0
7.13,39,39,0,0,0,1,2,0,0,38,0,0,0
8.26,39,39,0,0,0,1,2,0,0,38,0,0,0
6.65,39,39,0,0,0,1,2,0,0,38,0,0,0
7.77,39,39,0,0,0,1,2,0,0,38,0,0,0
7.46,39,39,0,0,0,1,2,0,0,38,0,0,0
6.99,39,39,0,0,0,1,2,0,0,38,0,0,0
7.08,39,39,0,0,0,1,2,0,0,38,0,0,0
6.25,39,39,0,0,0,1,2,0,0,38,0,0,0
7.69,39,39,0,0,0,1,2,0,0,38,0,0,0
10.95,39,39,0,0,0,1,2,0,0,38,0,0,0
9.32,39,39,0,0,0,1,2,0,0,38,1,0,0
8.35,39,39,0,0,0,1,2,0,0,38,0,0,0
8.06,39,39,0,0,0,1,2,0,0,38,0,0,0
7.09,39,39,0,0,0,1,2,0,0,38,0,0,0
7.41,39,39,0,0,0,1,2,0,0,38,0,0,0
7.64,39,39,0,0,0,1,2,0,0,38,0,0,0
9.65,39,39,0,0,0,1,2,0,0,38,0,0,0
7.09,39,39,0,0,0,1,2,0,0,38,0,0,0
7.43,39,39,0,0,0,1,2,0,0,38,0,0,0
6.71,39,39,0,0,0,1,2,0,0,38,0,0,0
7.96,39,39,0,0,0,1,2,0,0,38,0,0,0
7.01,39,39,0,0,0,1,2,0,0,38,0,0,0
10.44,39,39,0,0,0,1,2,0,0,38,0,0,0
7.76,39,39,0,0,0,1,2,0,0,38,0,0,0
7.02,39,39,0,0,0,1,2,0,0,38,0,0,0
8.96,39,39,0,0,0,1,2,0,0,38,0,0,0
6.71,39,39,0,0,0,1,2,0,0,38,0,0,0
6.91,39,39,0,0,0,1,2,0,0,38,0,0,0
6.71,39,39,0,0,0,1,2,0,0,38,0,0,0
8.21,39,39,0,0,0,1,2,0,0,38,0,0,0
6.80,39,39,0,0,0,1,2,0,0,38,0,0,0
8.18,39,39,0,0,0,1,2,0,0,38,0,0,0
7.59,39,39,0,0,0,1,2,0,0,38,0,0,0
6.76,39,39,0,0,0,1,2,0,0,38,0,0,0
6.33,39,39,0,0,0,1,2,0,0,38,0,0,0
6.71,39,39,0,0,0,1,2,0,0,38,0,0,0
8.01,39,39,0,0,0,1,2,0,0,38,0,0,0
8.21,39,39,0,0,0,1,2,0,0,38,0,0,0
7.00,40,39,0,0,0,1,2,0,0,39,1,0,0
7.73,39,39,0,0,0,1,2,0,0,38,0,0,0
6.66,39,39,0,0,0,1,2,0,0,38,0,0,0
6.84,39,39,0,0,0,1,2,0,0,38,0,0,0
6.89,39,39,0,0,0,1,2,0,0,38,0,0,0
7.04,39,39,0,0,0,1,2,0,0,38,0,0,0
8.33,39,39,0,0,0,1,2,0,0,38,0,0,0
6.16,39,39,0,0,0,1,2,0,0,38,0,0,0
7.89,39,39,0,0,0,1,2,0,0,38,0,0,0
6.56,39,39,0,0,0,1,2,0,0,38,0,0,0
8.04,39,39,0,0,0,1,2,0,0,38,0,0,0
8.11,39,39,0,0,0,1,2,0,0,38,0,0,0
9.34,39,39,0,0,0,1,2,0,0,38,0,0,0
7.83,39,39,0,0,0,1,2,0,0,38,0,0,0
8.95,39,39,0,0,0,1,2,0,0,38,0,0,0
7.04,39,39,0,0,0,1,2,0,0,38,1,0,0
6.74,39,39,0,0,0,1,2,0,0,38,0,0,0
7.22,39,39,0,0,0,1,2,0,0,38,0,0,0
8.87,39,39,0,0,0,1,2,0,0,38,0,0,0
7.69,39,39,0,0,0,1,2,0,0,38,0,0,0
7.13,39,39,0,0,0,1,2,0,0,38,0,0,0
8.29,39,39,0,0,0,1,2,0,0,38,0,0,0
7.75,39,39,0,0,0,1,2,0,0,38,0,0,0
6.26,39,39,0,0,0,1,1,0,0,38,0,0,0
5.86,39,39,0,0,0,1,1,0,0,38,0,0,0
7.04,39,39,0,0,0,1,1,0,0,38,0,0,0
8.84,39,39,0,0,0,1,1,0,0,38,0,0,0
7.59,39,39,0,0,0,1,1,0,0,38,0,0,0
6.45,39,39,0,0,0,1,1,0,0,38,0,0,0
8.08,39,39,0,0,0,1,1,0,0,38,0,0,0
6.85,40,39,0,0,0,1,1,0,0,39,1,0,0
10.24,39,39,0,0,0,1,1,0,0,38,0,0,0
6.53,39,39,0,0,0,1,1,0,0,38,0,0,0
7.24,39,39,0,0,0,1,1,0,0,38,0,0,0
6.67,39,39,0,0,0,1,1,0,0,38,1,0,0
8.31,39,39,0,0,0,1,1,0,0,38,0,0,0
7.44,39,39,0,0,0,1,1,0,0,38,0,0,0
6.33,39,39,0,0,0,1,1,0,0,38,0,0,0
7.28,39,39,0,0,0,1,1,0,0,38,0,0,0
7.34,39,39,0,0,0,1,1,0,0,38,0,0,0
7.78,39,39,0,0,0,1,1,0,0,38,0,0,0
6.36,39,39,0,0,0,1,1,0,0,38,0,0,0
9.92,39,39,0,0,0,1,1,0,0,38,0,0,0
9.38,39,39,0,0,0,1,1,0,0,38,0,0,0
9.20,39,39,0,0,0,1,1,0,0,38,0,0,0
6.31,39,39,0,0,0,1,1,0,0,38,0,0,0
9.27,39,39,0,0,0,1,1,0,0,38,0,0,0
8.89,39,39,0,0,0,1,1,0,0,38,0,0,0
5.90,39,39,0,0,0,1,1,0,0,38,0,0,0
7.52,40,39,0,0,0,1,1,0,0,39,1,0,0
11.10,39,39,0,0,0,1,1,0,0,38,0,0,0
6.23,39,39,0,0,0,1,1,0,0,38,0,0,0
8.00,39,39,0,0,0,1,1,0,0,38,0,0,0
6.61,39,39,0,0,0,1,1,0,0,38,0,0,0
7.01,39,39,0,0,0,1,1,0,0,38,0,0,0
7.35,39,39,0,0,0,1,1,0,0,38,0,0,0
6.14,39,39,0,0,0,1,1,0,0,38,0,0,0
8.27,39,39,0,0,0,1,1,0,0,38,0,0,0
7.08,39,39,0,0,0,1,1,0,0,38,0,0,0
6.39,39,39,0,0,0,1,1,0,0,38,0,0,0
7.57,39,39,0,0,0,1,1,0,0,38,0,0,0
6.46,39,39,0,0,0,1,1,0,0,38,0,0,0
9.51,39,39,0,0,0,1,1,0,0,38,0,0,0
7.28,39,39,0,0,0,1,1,0,0,38,0,0,0
7.45,39,39,0,0,0,1,2,0,0,38,0,0,0
5.61,39,39,0,0,0,1,2,0,0,38,0,0,0
7.38,39,39,0,0,0,1,2,0,0,38,0,0,0
6.13,39,39,0,0,0,1,2,0,0,38,0,0,0
7.44,39,39,0,0,0,1,2,0,0,38,0,0,0
8.18,39,39,0,0,0,1,1,0,0,38,0,0,0
5.87,39,39,0,0,0,1,1,0,0,38,0,0,0
7.67,39,39,0,0,0,1,1,0,0,38,0,0,0
8.75,39,39,0,0,0,1,1,0,0,38,0,0,0
5.79,39,39,0,0,0,1,1,0,0,38,0,0,0
8.00,39,39,0,0,0,1,1,0,0,38,0,0,0
8.66,39,39,0,0,0,1,1,0,0,38,0,0,0
10.47,39,39,0,0,0,1,1,0,0,38,0,0,0
8.89,39,39,0,0,0,1,1,0,0,38,0,0,0
6.28,39,39,0,0,0,1,1,0,0,38,0,0,0
6.58,39,39,0,0,0,1,1,0,0,38,0,0,0
8.08,39,39,0,0,0,1,1,0,0,38,0,0,0
6.50,39,39,0,0,0,1,1,0,0,38,0,0,0
9.04,39,39,0,0,0,1,1,0,0,38,0,0,0
8.16,39,39,0,0,0,1,1,0,0,38,0,0,0
7.12,39,39,0,0,0,1,1,0,0,38,0,0,0
6.15,39,39,0,0,0,1,1,0,0,38,1,0,0
6.22,39,39,0,0,0,1,1,0,0,38,0,0,0
6.40,39,39,0,0,0,1,1,0,0,38,0,0,0
13.28,39,39,0,0,0,1,1,0,0,38,0,0,0
7.30,39,39,0,0,0,1,1,0,0,38,0,0,0
6.77,39,39,0,0,0,1,1,0,0,38,0,0,0
6.45,39,39,0,0,0,1,1,0,0,38,0,0,0
7.72,39,39,0,0,0,1,1,0,0,38,0,0,0
7.17,39,39,0,0,0,1,1,0,0,38,0,0,0
6.80,39,39,0,0,0,1,1,0,0,38,0,0,0
7.63,39,39,0,0,0,1,1,0,0,38,0,0,0
7.56,39,39,0,0,0,1,1,0,0,38,0,0,0
7.39,39,39,0,0,0,1,1,0,0,38,0,0,0
6.89,39,39,0,0,0,1,1,0,0,38,0,0,0
7.80,39,39,0,0,0,1,1,0,0,38,0,0,0
6.94,39,39,0,0,0,1,1,0,0,38,0,0,0
7.89,40,39,0,0,0,1,1,0,0,39,1,0,0
8.08,39,39,0,0,0,1,1,0,0,38,0,0,0
6.45,39,39,0,0,0,1,1,0,0,38,0,0,0
7.25,39,39,0,0,0,1,1,0,0,38,0,0,0
7.33,39,39,0,0,0,1,1,0,0,38,0,0,0
7.30,39,39,0,0,0,1,1,0,0,38,0,0,0
8.20,39,39,0,0,0,1,1,0,0,38,0,0,0
7.12,39,39,0,0,0,1,1,0,0,38,0,0,0
6.56,39,39,0,0,0,1,1,0,0,38,0,0,0
9.42,39,39,0,0,0,1,1,0,0,38,0,0,0
7.16,39,39,0,0,0,1,1,0,0,38,0,0,0
6.65,39,39,0,0,0,1,1,0,0,38,1,0,0
6.93,39,39,0,0,0,1,1,0,0,38,0,0,0
6.85,39,39,0,0,0,1,1,0,0,38,0,0,0
9.56,39,39,0,0,0,1,1,0,0,38,0,0,0
12.11,39,39,0,0,0,1,1,0,0,38,0,0,0
7.12,39,39,0,0,0,1,1,0,0,38,0,0,0
8.65,39,39,0,0,0,1,1,0,0,38,0,0,0
6.94,39,39,0,0,0,1,1,0,0,38,0,0,0
7.46,39,39,0,0,0,1,1,0,0,38,0,0,0
10.90,39,39,0,0,0,1,1,0,0,38,0,0,0
7.50,39,39,0,0,0,1,1,0,0,38,0,0,0
7.51,40,39,0,0,0,1,1,0,0,39,1,0,0
6.98,39,39,0,0,0,1,1,0,0,38,0,0,0
6.85,39,39,0,0,0,1,1,0,0,38,0,0,0
7.46,39,39,0,0,0,1,1,0,0,38,0,0,0
7.63,39,39,0,0,0,1,1,0,0,38,0,0,0
6.69,39,39,0,0,0,1,1,0,0,38,0,0,0
7.33,39,39,0,0,0,1,1,0,0,38,0,0,0
9.10,39,39,0,0,0,1,2,0,0,38,0,0,0
6.44,39,39,0,0,0,1,2,0,0,38,0,0,0
7.25,39,39,0,0,0,1,2,0,0,38,0,0,0
8.33,39,39,0,0,0,1,2,0,0,38,0,0,0
6.74,39,39,0,0,0,1,2,0,0,38,0,0,0
7.37,39,39,0,0,0,1,2,0,0,38,1,0,0
7.95,39,39,0,0,0,1,2,0,0,38,0,0,0
5.92,39,39,0,0,0,1,2,0,0,38,0,0,0
7.80,39,39,0,0,0,1,2,0,0,38,0,0,0
7.64,39,39,0,0,0,1,2,0,0,38,0,0,0
7.05,39,39,0,0,0,1,2,0,0,38,0,0,0
6.95,39,39,0,0,0,1,2,0,0,38,0,0,0
9.42,40,39,0,0,0,1,2,0,0,39,1,0,0
7.86,39,39,0,0,0,1,2,0,0,38,0,0,0
6.76,39,39,0,0,0,1,2,0,0,38,0,0,0
7.39,39,39,0,0,0,1,2,0,0,38,0,0,0
6.56,39,39,0,0,0,1,2,0,0,38,0,0,0
7.55,39,39,0,0,0,1,2,0,0,38,0,0,0
7.71,39,39,0,0,0,1,2,0,0,38,0,0,0
8.96,39,39,0,0,0,1,2,0,0,38,0,0,0
6.53,39,39,0,0,0,1,2,0,0,38,0,0,0
7.68,39,39,0,0,0,1,2,0,0,38,0,0,0
5.71,39,39,0,0,0,1,2,0,0,38,0,0,0
7.82,39,39,0,0,0,1,2,0,0,38,0,0,0
7.87,39,39,0,0,0,1,2,0,0,38,0,0,0
7.57,39,39,0,0,0,1,2,0,0,38,0,0,0
8.49,39,39,0,0,0,1,2,0,0,38,0,0,0
8.11,39,39,0,0,0,1,2,0,0,38,0,0,0
6.33,39,39,0,0,0,1,2,0,0,38,0,0,0
6.50,39,39,0,0,0,1,2,0,0,38,0,0,0
8.67,39,39,0,0,0,1,2,0,0,38,0,0,0
7.21,39,39,0,0,0,1,2,0,0,38,0,0,0
9.98,39,39,0,0,0,1,2,0,0,38,1,0,0
5.28,39,39,0,0,0,1,2,0,0,38,0,0,0
8.81,39,39,0,0,0,1,2,0,0,38,0,0,0
5.80,39,39,0,0,0,1,2,0,0,38,0,0,0
8.22,39,39,0,0,0,1,2,0,0,38,0,0,0
6.86,39,39,0,0,0,1,2,0,0,38,0,0,0
6.86,39,39,0,0,0,1,2,0,0,38,0,0,0
9.42,39,39,0,0,0,1,2,0,0,38,0,0,0
6.23,39,39,0,0,0,1,2,0,0,38,0,0,0
8.50,39,39,0,0,0,1,2,0,0,38,0,0,0
6.44,39,39,0,0,0,1,2,0,0,38,0,0,0
7.23,39,39,0,0,0,1,2,0,0,38,0,0,0
9.67,39,39,0,0,0,1,2,0,0,38,0,0,0
8.26,39,39,0,0,0,1,2,0,0,38,0,0,0
7.44,39,39,0,0,0,1,2,0,0,38,0,0,0
6.37,39,39,0,0,0,1,2,0,0,38,0,0,0
7.00,39,39,0,0,0,1,2,0,0,38,0,0,0
10.45,39,39,0,0,0,1,2,0,0,38,0,0,0
7.92,39,39,0,0,0,1,2,0,0,38,0,0,0
5.60,39,39,0,0,0,1,2,0,0,38,0,0,0
7.89,39,39,0,0,0,1,2,0,0,38,1,0,0
8.01,39,39,0,0,0,1,1,0,0,38,0,0,0
6.24,39,39,0,0,0,1,1,0,0,38,0,0,0
7.56,39,39,0,0,0,1,1,0,0,38,0,0,0
7.36,39,39,0,0,0,1,1,0,0,38,0,0,0
9.44,39,39,0,0,0,1,1,0,0,38,0,0,0
8.34,39,39,0,0,0,1,1,0,0,38,0,0,0
5.31,39,39,0,0,0,1,1,0,0,38,0,0,0
7.64,39,39,0,0,0,1,1,0,0,38,0,0,0
9.38,39,39,0,0,0,1,1,0,0,38,0,0,0
6.04,39,39,0,0,0,1,1,0,0,38,0,0,0
8.44,39,39,0,0,0,1,1,0,0,38,0,0,0
7.10,39,39,0,0,0,1,1,0,0,38,0,0,0
7.31,40,39,0,0,0,1,1,0,0,39,1,0,0
6.47,39,39,0,0,0,1,1,0,0,38,0,0,0
8.11,39,39,0,0,0,1,1,0,0,38,0,0,0
7.33,39,39,0,0,0,1,1,0,0,38,0,0,0
5.25,39,39,0,0,0,1,1,0,0,38,0,0,0
7.56,39,39,0,0,0,1,1,0,0,38,0,0,0
7.86,39,39,0,0,0,1,1,0,0,38,0,0,0
7.40,39,39,0,0,0,1,1,0,0,38,0,0,0
5.78,39,39,0,0,0,1,1,0,0,38,0,0,0
6.81,39,39,0,0,0,1,1,0,0,38,0,0,0
7.13,39,39,0,0,0,1,1,0,0,38,0,0,0
8.27,39,39,0,0,0,1,1,0,0,38,0,0,0
9.23,39,39,0,0,0,1,1,0,0,38,0,0,0
7.14,39,39,0,0,0,1,1,0,0,38,0,0,0
6.03,39,39,0,0,0,1,1,0,0,38,0,0,0
6.46,39,39,0,0,0,1,1,0,0,38,0,0,0
7.03,39,39,0,0,0,1,1,0,0,38,0,0,0
7.02,39,39,0,0,0,1,1,0,0,38,0,0,0
6.51,39,39,0,0,0,1,1,0,0,38,0,0,0
8.34,39,39,0,0,0,1,1,0,0,38,0,0,0
6.24,40,39,0,0,0,1,1,0,0,39,1,0,0
8.05,39,39,0,0,0,1,1,0,0,38,0,0,0
8.28,39,39,0,0,0,1,1,0,0,38,0,0,0
5.76,39,39,0,0,0,1,1,0,0,38,0,0,0
7.30,39,39,0,0,0,1,1,0,0,38,0,0,0
7.31,39,39,0,0,0,1,1,0,0,38,0,0,0
7.56,39,39,0,0,0,1,1,0,0,38,0,0,0
6.11,39,39,0,0,0,1,1,0,0,38,0,0,0
7.92,39,39,0,0,0,1,1,0,0,38,0,0,0
6.80,39,39,0,0,0,1,1,0,0,38,0,0,0
6.86,39,39,0,0,0,1,1,0,0,38,0,0,0
9.76,39,39,0,0,0,1,1,0,0,38,0,0,0
6.78,39,39,0,0,0,1,1,0,0,38,0,0,0
6.09,39,39,0,0,0,1,1,0,0,38,0,0,0
6.68,39,39,0,0,0,1,1,0,0,38,0,0,0
7.03,39,39,0,0,0,1,1,0,0,38,0,0,0
7.64,39,39,0,0,0,1,1,0,0,38,0,0,0
7.33,39,39,0,0,0,1,1,0,0,38,0,0,0
6.61,39,39,0,0,0,1,1,0,0,38,0,0,0
6.40,39,39,0,0,0,1,1,0,0,38,0,0,0
6.58,39,39,0,0,0,1,1,0,0,38,1,0,0
7.87,39,39,0,0,0,1,1,0,0,38,0,0,0
7.20,39,39,0,0,0,1,1,0,0,38,0,0,0
7.56,39,39,0,0,0,1,1,0,0,38,0,0,0
7.75,39,39,0,0,0,1,1,0,0,38,0,0,0
8.00,39,39,0,0,0,1,1,0,0,38,0,0,0
5.87,39,39,0,0,0,1,1,0,0,38,0,0,0
8.01,39,39,0,0,0,1,1,0,0,38,0,0,0
6.64,39,39,0,0,0,1,1,0,0,38,0,0,0
8.13,39,39,0,0,0,1,1,0,0,38,0,0,0
6.69,39,39,0,0,0,1,1,0,0,38,0,0,0
10.23,39,39,0,0,0,1,1,0,0,38,0,0,0
7.51,39,39,0,0,0,1,1,0,0,38,0,0,0
7.23,40,39,0,0,0,1,1,0,0,39,1,0,0
5.35,39,39,0,0,0,1,1,0,0,38,0,0,0
8.39,39,39,0,0,0,1,1,0,0,38,0,0,0
6.51,39,39,0,0,0,1,1,0,0,38,0,0,0
8.97,39,39,0,0,0,1,1,0,0,38,0,0,0
6.90,39,39,0,0,0,1,1,0,0,38,0,0,0
6.19,39,39,0,0,0,1,1,0,0,38,0,0,0
6.76,39,39,0,0,0,1,1,0,0,38,1,0,0
7.38,39,39,0,0,0,1,1,0,0,38,0,0,0
7.28,39,39,0,0,0,1,1,0,0,38,0,0,0
7.01,39,39,0,0,0,1,1,0,0,38,0,0,0
7.55,39,39,0,0,0,1,1,0,0,38,0,0,0
6.84,39,39,0,0,0,1,1,0,0,38,0,0,0
5.73,39,39,0,0,0,1,1,0,0,38,0,0,0
7.43,39,39,0,0,0,1,1,0,0,38,0,0,0
9.95,39,39,0,0,0,1,1,0,0,38,0,0,0
9.25,39,39,0,0,0,1,1,0,0,38,0,0,0
10.07,39,39,0,0,0,1,1,0,0,38,0,0,0
8.82,39,39,0,0,0,1,1,0,0,38,0,0,0
9.76,39,39,0,0,0,1,1,0,0,38,0,0,0
8.99,40,39,0,0,0,1,1,0,0,39,1,0,0
5.68,39,39,0,0,0,1,1,0,0,38,0,0,0
6.98,39,39,0,0,0,1,1,0,0,38,0,0,0
9.88,39,39,0,0,0,1,1,0,0,38,0,0,0
7.02,39,39,0,0,0,1,1,0,0,38,0,0,0
6.33,39,39,0,0,0,1,1,0,0,38,0,0,0
7.59,39,39,0,0,0,1,1,0,0,38,0,0,0
6.71,39,39,0,0,0,1,1,0,0,38,1,0,0
8.82,39,39,0,0,0,1,1,0,0,38,0,0,0
7.18,39,39,0,0,0,1,1,0,0,38,0,0,0
8.98,39,39,0,0,0,1,1,0,0,38,0,0,0
5.03,39,39,0,0,0,1,1,0,0,38,0,0,0
8.00,39,39,0,0,0,1,1,0,0,38,0,0,0
7.76,39,39,0,0,0,1,1,0,0,38,0,0,0
6.89,39,39,0,0,0,1,1,0,0,38,0,0,0
6.72,39,39,0,0,0,1,1,0,0,38,0,0,0
10.31,39,39,0,0,0,1,1,0,0,38,0,0,0
7.69,39,39,0,0,0,1,1,0,0,38,0,0,0
6.39,39,39,0,0,0,1,1,0,0,38,0,0,0
7.52,39,39,0,0,0,1,1,0,0,38,0,0,0
7.12,40,39,0,0,0,1,1,0,0,39,1,0,0
6.99,39,39,0,0,0,1,1,0,0,38,0,0,0
7.20,39,39,0,0,0,1,1,0,0,38,0,0,0
8.15,39,39,0,0,0,1,1,0,0,38,0,0,0
7.46,39,39,0,0,0,1,1,0,0,38,0,0,0
7.55,39,39,0,0,0,1,1,0,0,38,0,0,0
6.62,39,39,0,0,0,1,1,0,0,38,0,0,0
7.40,39,39,0,0,0,1,1,0,0,38,1,0,0
7.56,39,39,0,0,0,1,1,0,0,38,0,0,0
8.03,39,39,0,0,0,1,1,0,0,38,0,0,0
7.91,39,39,0,0,0,1,1,0,0,38,0,0,0
6.58,39,39,0,0,0,1,1,0,0,38,0,0,0
7.49,39,39,0,0,0,1,1,0,0,38,0,0,0
6.74,39,39,0,0,0,1,1,0,0,38,0,0,0
8.39,39,39,0,0,0,1,1,0,0,38,0,0,0
6.79,39,39,0,0,0,1,1,0,0,38,0,0,0
6.96,39,39,0,0,0,1,1,0,0,38,0,0,0
7.03,39,39,0,0,0,1,1,0,0,38,0,0,0
8.55,39,39,0,0,0,1,1,0,0,38,0,0,0
7.46,39,39,0,0,0,1,1,0,0,38,0,0,0
7.74,40,39,0,0,0,1,1,0,0,39,1,0,0
6.29,39,39,0,0,0,1,1,0,0,38,0,0,0
7.92,39,39,0,0,0,1,1,0,0,38,0,0,0
8.43,39,39,0,0,0,1,1,0,0,38,0,0,0
7.11,39,39,0,0,0,1,1,0,0,38,0,0,0
6.94,39,39,0,0,0,1,1,0,0,38,0,0,0
8.24,39,39,0,0,0,1,1,0,0,38,0,0,0
8.73,39,39,0,0,0,1,1,0,0,38,1,0,0
9.05,39,39,0,0,0,1,1,0,0,38,0,0,0
6.41,39,39,0,0,0,1,1,0,0,38,0,0,0
7.79,39,39,0,0,0,1,1,0,0,38,0,0,0
10.87,39,39,0,0,0,1,1,0,0,38,0,0,0
6.19,39,39,0,0,0,1,1,0,0,38,0,0,0
9.85,39,39,0,0,0,1,1,0,0,38,0,0,0
5.30,39,39,0,0,0,1,1,0,0,38,0,0,0
7.94,39,39,0,0,0,1,1,0,0,38,0,0,0
7.31,39,39,0,0,0,1,1,0,0,38,0,0,0
8.18,39,39,0,0,0,1,1,0,0,38,0,0,0
6.65,39,39,0,0,0,1,1,0,0,38,0,0,0
8.76,39,39,0,0,0,1,1,0,0,38,0,0,0
7.50,40,39,0,0,0,1,2,0,0,39,1,0,0
6.73,39,39,0,0,0,1,2,0,0,38,0,0,0
8.86,39,39,0,0,0,1,2,0,0,38,0,0,0
5.63,39,39,0,0,0,1,2,0,0,38,0,0,0
6.97,39,39,0,0,0,1,2,0,0,38,0,0,0
17.77,39,39,0,0,0,1,2,0,0,38,0,0,0
10.20,39,39,0,0,0,1,2,0,0,38,0,0,0
9.42,39,39,0,0,0,1,2,0,0,38,0,0,0
9.97,39,39,0,0,0,1,2,0,0,38,0,0,0
10.58,39,39,0,0,0,1,2,0,0,38,0,0,0
8.14,39,39,0,0,0,1,2,0,0,38,0,0,0
11.66,39,39,0,0,0,1,2,0,0,38,0,0,0
10.26,39,39,0,0,0,1,2,0,0,38,0,0,0
14.24,39,39,0,0,0,1,2,0,0,38,1,0,0
11.37,39,39,0,0,0,1,2,0,0,38,0,0,0
10.72,39,39,0,0,0,1,2,0,0,38,0,0,0
10.74,39,39,0,0,0,1,2,0,0,38,0,0,0
12.89,39,39,0,0,0,1,2,0,0,38,0,0,0
8.96,39,39,0,0,0,1,2,0,0,38,0,0,0
8.02,39,39,0,0,0,1,2,0,0,38,0,0,0
10.24,39,39,0,0,0,1,2,0,0,38,0,0,0
9.54,39,39,0,0,0,1,2,0,0,38,0,0,0
11.68,39,39,0,0,0,1,2,0,0,38,0,0,0
12.92,39,39,0,0,0,1,2,0,0,38,0,0,0
15.74,39,39,0,0,0,1,2,0,0,38,0,0,0
11.86,39,39,0,0,0,1,2,0,0,38,0,0,0
12.52,39,39,0,0,0,1,2,0,0,38,0,0,0
9.07,39,39,0,0,0,1,2,0,0,38,0,0,0
7.70,39,39,0,0,0,1,2,0,0,38,0,0,0
8.99,39,39,0,0,0,1,2,0,0,38,0,0,0
9.91,39,39,0,0,0,1,2,0,0,38,0,0,0
11.74,39,39,0,0,0,1,2,0,0,38,0,0,0
9.99,39,39,0,0,0,1,2,0,0,38,0,0,0
9.09,39,39,0,0,0,1,2,0,0,38,0,0,0
12.08,39,39,0,0,0,1,2,0,0,38,0,0,0
9.19,39,39,0,0,0,1,2,0,0,38,0,0,0
9.80,39,39,0,0,0,1,2,0,0,38,0,0,0
10.97,39,39,0,0,0,1,2,0,0,38,0,0,0
11.32,39,39,0,0,0,1,2,0,0,38,0,0,0
10.73,39,39,0,0,0,1,2,0,0,38,0,0,0
10.57,39,39,0,0,0,1,2,0,0,38,1,0,0
8.15,39,39,0,0,0,1,2,0,0,38,0,0,0
10.02,39,39,0,0,0,1,2,0,0,38,0,0,0
9.75,39,39,0,0,0,1,2,0,0,38,0,0,0
12.38,39,39,0,0,0,1,2,0,0,38,0,0,0
12.75,39,39,0,0,0,1,2,0,0,38,0,0,0
11.72,39,39,0,0,0,1,2,0,0,38,0,0,0
10.45,39,39,0,0,0,1,2,0,0,38,0,0,0
8.43,39,39,0,0,0,1,2,0,0,38,0,0,0
8.10,39,39,0,0,0,1,2,0,0,38,0,0,0
8.55,39,39,0,0,0,1,2,0,0,38,1,0,0
9.67,39,39,0,0,0,1,2,0,0,38,0,0,0
12.88,39,39,0,0,0,1,2,0,0,38,0,0,0
10.82,39,39,0,0,0,1,2,0,0,38,0,0,0
13.27,39,39,0,0,0,1,2,0,0,38,0,0,0
8.98,39,39,0,0,0,1,2,0,0,38,0,0,0
12.43,39,39,0,0,0,1,2,0,0,38,0,0,0
9.86,39,39,0,0,0,1,2,0,0,38,0,0,0
10.20,39,39,0,0,0,1,2,0,0,38,0,0,0
9.35,39,39,0,0,0,1,2,0,0,38,0,0,0
10.16,39,39,0,0,0,1,2,0,0,38,0,0,0
10.45,39,39,0,0,0,1,2,0,0,38,0,0,0
15.29,39,39,0,0,0,1,1,0,0,38,0,0,0
10.74,39,39,0,0,0,1,1,0,0,38,0,0,0
10.52,39,39,0,0,0,1,1,0,0,38,0,0,0
11.85,39,39,0,0,0,1,1,0,0,38,0,0,0
15.09,39,39,0,0,0,1,1,0,0,38,0,0,0
9.64,39,39,0,0,0,1,1,0,0,38,0,0,0
10.15,39,39,0,0,0,1,1,0,0,38,0,0,0
10.96,39,39,0,0,0,1,1,0,0,38,0,0,0
10.86,39,39,0,0,0,1,1,0,0,38,0,0,0
10.50,39,39,0,0,0,1,1,0,0,38,0,0,0
13.39,39,39,0,0,0,1,1,0,0,38,0,0,0
10.46,39,39,0,0,0,1,1,0,0,38,0,0,0
11.79,39,39,0,0,0,1,1,0,0,38,0,0,0
12.86,39,39,0,0,0,1,1,0,0,38,0,0,0
11.11,39,39,0,0,0,1,1,0,0,38,0,0,0
11.52,39,39,0,0,0,1,1,0,0,38,0,0,0
12.34,39,39,0,0,0,1,1,0,0,38,0,0,0
11.43,39,39,0,0,0,1,1,0,0,38,0,0,0
12.23,39,39,0,0,0,1,1,0,0,38,1,0,0
13.13,39,39,0,0,0,1,1,0,0,38,0,0,0
22.93,39,39,0,0,0,1,1,0,0,38,0,0,0
30.47,39,39,0,0,0,1,1,0,0,38,0,0,0
20.39,39,39,0,0,0,1,1,0,0,38,0,0,0
19.56,40,39,0,0,0,1,1,0,0,39,1,0,0
14.05,39,39,0,0,0,1,1,0,0,38,0,0,0
16.43,39,39,0,0,0,1,1,0,0,38,0,0,0
16.92,39,39,0,0,0,1,1,0,0,38,0,0,0
19.39,39,39,0,0,0,1,1,0,0,38,0,0,0
18.03,39,39,0,0,0,1,1,0,0,38,0,0,0
13.92,39,39,0,0,0,1,1,0,0,38,0,0,0
12.06,39,39,0,0,0,1,1,0,0,38,0,0,0
15.88,39,39,0,0,0,1,1,0,0,38,0,0,0
15.72,39,39,0,0,0,1,1,0,0,38,0,0,0
17.69,39,39,0,0,0,1,1,0,0,38,0,0,0
14.08,39,39,0,0,0,1,1,0,0,38,1,0,0
14.83,39,39,0,0,0,1,1,0,0,38,0,0,0
15.83,39,39,0,0,0,1,1,0,0,38,0,0,0
12.90,39,39,0,0,0,1,1,0,0,38,0,0,0
12.27,39,39,0,0,0,1,1,0,0,38,0,0,0
12.47,39,39,0,0,0,1,1,0,0,38,0,0,0
14.64,39,39,0,0,0,1,1,0,0,38,0,0,0
12.39,39,39,0,0,0,1,1,0,0,38,0,0,0
16.28,39,39,0,0,0,1,1,0,0,38,0,0,0
12.04,39,39,0,0,0,1,1,0,0,38,0,0,0
12.91,39,39,0,0,0,1,1,0,0,38,0,0,0
12.81,39,39,0,0,0,1,1,0,0,38,0,0,0
14.70,39,39,0,0,0,1,1,0,0,38,0,0,0
13.40,39,39,0,0,0,1,1,0,0,38,0,0,0
14.07,39,39,0,0,0,1,1,0,0,38,0,0,0
15.75,39,39,0,0,0,1,1,0,0,38,0,0,0
16.99,39,39,0,0,0,1,1,0,0,38,0,0,0
14.77,39,39,0,0,0,1,1,0,0,38,0,0,0
13.99,39,39,0,0,0,1,1,0,0,38,0,0,0
12.03,39,39,0,0,0,1,1,0,0,38,0,0,0
11.62,39,39,0,0,0,1,1,0,0,38,0,0,0
14.64,39,39,0,0,0,1,1,0,0,38,0,0,0
12.60,39,39,0,0,0,1,1,0,0,38,0,0,0
16.75,39,39,0,0,0,1,1,0,0,38,0,0,0
20.17,39,39,0,0,0,1,1,0,0,38,0,0,0
15.05,39,39,0,0,0,1,1,0,0,38,0,0,0
15.98,39,39,0,0,0,1,1,0,0,38,0,0,0
15.44,39,39,0,0,0,1,1,0,0,38,0,0,0
13.67,39,39,0,0,0,1,1,0,0,38,0,0,0
14.16,40,39,0,0,0,1,1,0,0,39,1,0,0
15.27,39,39,0,0,0,1,1,0,0,38,0,0,0
15.40,39,39,0,0,0,1,1,0,0,38,1,0,0
13.49,39,39,0,0,0,1,1,0,0,38,0,0,0
11.39,39,39,0,0,0,1,1,0,0,38,0,0,0
13.45,39,39,0,0,0,1,1,0,0,38,0,0,0
13.85,39,39,0,0,0,1,1,0,0,38,0,0,0
13.95,39,39,0,0,0,1,1,0,0,38,0,0,0
14.50,39,39,0,0,0,1,1,0,0,38,0,0,0
14.92,39,39,0,0,0,1,1,0,0,38,0,0,0
14.72,39,39,0,0,0,1,1,0,0,38,0,0,0
14.23,39,39,0,0,0,1,1,0,0,38,0,0,0
12.68,39,39,0,0,0,1,1,0,0,38,0,0,0
15.62,39,39,0,0,0,1,1,0,0,38,0,0,0
15.22,39,39,0,0,0,1,1,0,0,38,0,0,0
12.11,39,39,0,0,0,1,1,0,0,38,1,0,0
13.54,39,39,0,0,0,1,1,0,0,38,0,0,0
12.27,39,39,0,0,0,1,1,0,0,38,0,0,0
14.65,39,39,0,0,0,1,1,0,0,38,0,0,0
72.85,39,39,0,0,0,1,1,0,0,38,0,0,0
13.70,39,39,0,0,0,1,1,0,0,38,0,0,0
17.65,39,39,0,0,0,1,1,0,0,38,0,0,0
14.14,39,39,0,0,0,1,1,0,0,38,0,0,0
16.23,39,39,0,0,0,1,1,0,0,38,0,0,0
11.81,39,39,0,0,0,1,1,0,0,38,0,0,0
10.44,39,39,0,0,0,1,1,0,0,38,0,0,0
11.00,39,39,0,0,0,1,1,0,0,38,1,0,0
11.78,39,39,0,0,0,1,1,0,0,38,0,0,0
11.56,39,39,0,0,0,1,1,0,0,38,0,0,0
13.18,39,39,0,0,0,1,1,0,0,38,0,0,0
11.62,39,39,0,0,0,1,1,0,0,38,0,0,0
13.76,39,39,0,0,0,1,1,0,0,38,0,0,0
13.54,39,39,0,0,0,1,1,0,0,38,0,0,0
12.80,39,39,0,0,0,1,1,0,0,38,0,0,0
12.37,39,39,0,0,0,1,1,0,0,38,0,0,0
11.34,39,39,0,0,0,1,1,0,0,38,0,0,0
11.81,39,39,0,0,0,1,1,0,0,38,0,0,0
12.90,39,39,0,0,0,1,1,0,0,38,1,0,0
13.06,39,39,0,0,0,1,1,0,0,38,0,0,0
15.48,39,39,0,0,0,1,1,0,0,38,0,0,0
11.72,39,39,0,0,0,1,1,0,0,38,0,0,0
13.44,39,39,0,0,0,1,1,0,0,38,0,0,0
12.76,39,39,0,0,0,1,1,0,0,38,0,0,0
13.43,39,39,0,0,0,1,1,0,0,38,0,0,0
11.71,39,39,0,0,0,1,1,0,0,38,0,0,0
12.22,39,39,0,0,0,1,1,0,0,38,0,0,0
13.74,39,39,0,0,0,1,1,0,0,38,0,0,0
76.77,39,39,0,0,0,1,1,0,0,38,0,0,0
11.78,39,39,0,0,0,1,1,0,0,38,0,0,0
11.28,33,33,0,0,0,1,1,0,0,32,0,0,0
8.27,33,33,0,0,0,1,1,0,0,32,0,0,0
9.98,33,33,0,0,0,1,1,0,0,32,0,0,0
9.46,33,33,0,0,0,1,1,0,0,32,0,0,0
10.89,33,33,0,0,0,1,1,0,0,32,0,0,0
9.74,33,33,0,0,0,1,1,0,0,32,0,0,0
11.10,33,33,0,0,0,1,1,0,0,32,0,0,0
11.15,33,33,0,0,0,1,1,0,0,32,0,0,0
10.26,33,33,0,0,0,1,1,0,0,32,0,0,0
14.82,33,33,0,0,0,1,1,0,0,32,0,0,0
9.09,34,33,0,0,0,1,1,0,0,33,1,0,0
11.27,33,33,0,0,0,1,1,0,0,32,0,0,0
11.66,33,33,0,0,0,1,1,0,0,32,0,0,0
12.68,33,33,0,0,0,1,1,0,0,32,0,0,0
11.06,33,33,0,0,0,1,1,0,0,32,0,0,0
9.51,33,33,0,0,0,1,1,0,0,32,0,0,0
14.60,33,33,0,0,0,1,1,0,0,32,0,0,0
10.76,33,33,0,0,0,1,1,0,0,32,0,0,0
13.62,33,33,0,0,0,1,1,0,0,32,0,0,0
9.42,33,33,0,0,0,1,1,0,0,32,0,0,0
11.29,33,33,0,0,0,1,1,0,0,32,0,0,0
12.31,33,33,0,0,0,1,1,0,0,32,0,0,0
11.17,33,33,0,0,0,1,1,0,0,32,0,0,0
21.23,33,33,0,0,0,1,1,0,0,32,0,0,0
10.41,33,33,0,0,0,1,1,0,0,32,0,0,0
11.13,33,33,0,0,0,1,1,0,0,32,0,0,0
10.80,33,33,0,0,0,1,1,0,0,32,0,0,0
8.69,33,33,0,0,0,1,1,0,0,32,0,0,0
8.85,33,33,0,0,0,1,1,0,0,32,0,0,0
10.50,33,33,0,0,0,1,1,0,0,32,0,0,0
10.92,33,33,0,0,0,1,1,0,0,32,0,0,0
12.87,33,33,0,0,0,1,1,0,0,32,0,0,0
11.61,33,33,0,0,0,1,1,0,0,32,0,0,0
15.05,33,33,0,0,0,1,1,0,0,32,0,0,0
30.27,33,33,0,0,0,1,1,0,0,32,0,0,0
8.68,33,33,0,0,0,1,1,0,0,32,0,0,0
8.37,33,33,0,0,0,1,1,0,0,32,0,0,0
7.88,33,33,0,0,0,1,1,0,0,32,0,0,0
9.23,33,33,0,0,0,1,1,0,0,32,0,0,0
10.38,34,33,0,0,0,1,1,0,0,33,1,0,0
8.36,33,33,0,0,0,1,1,0,0,32,0,0,0
10.03,33,33,0,0,0,1,1,0,0,32,0,0,0
15.70,33,33,0,0,0,1,1,0,0,32,0,0,0
11.93,33,33,0,0,0,1,1,0,0,32,0,0,0
11.05,33,33,0,0,0,1,1,0,0,32,0,0,0
12.45,33,33,0,0,0,1,1,0,0,32,0,0,0
13.04,34,33,0,0,0,1,1,0,0,33,1,0,0
10.83,33,33,0,0,0,1,1,0,0,32,0,0,0
12.81,33,33,0,0,0,1,1,0,0,32,0,0,0
12.08,33,33,0,0,0,1,1,0,0,32,0,0,0
10.16,33,33,0,0,0,1,1,0,0,32,0,0,0
9.26,33,33,0,0,0,1,1,0,0,32,0,0,0
11.72,33,33,0,0,0,1,1,0,0,32,0,0,0
11.71,33,33,0,0,0,1,1,0,0,32,0,0,0
20.04,33,33,0,0,0,1,1,0,0,32,0,0,0
11.46,33,33,0,0,0,1,1,0,0,32,0,0,0
11.81,33,33,0,0,0,1,1,0,0,32,0,0,0
12.59,33,33,0,0,0,1,1,0,0,32,0,0,0
11.08,33,33,0,0,0,1,1,0,0,32,0,0,0
13.22,33,33,0,0,0,1,1,0,0,32,0,0,0
13.27,33,33,0,0,0,1,1,0,0,32,0,0,0
14.96,33,33,0,0,0,1,1,0,0,32,0,0,0
10.92,33,33,0,0,0,1,1,0,0,32,0,0,0
10.86,33,33,0,0,0,1,1,0,0,32,0,0,0
9.46,33,33,0,0,0,1,1,0,0,32,0,0,0
9.93,33,33,0,0,0,1,1,0,0,32,0,0,0
10.35,33,33,0,0,0,1,1,0,0,32,0,0,0
12.04,33,33,0,0,0,1,1,0,0,32,0,0,0
11.37,33,33,0,0,0,1,1,0,0,32,0,0,0
16.32,33,33,0,0,0,1,1,0,0,32,0,0,0
15.14,33,33,0,0,0,1,1,0,0,32,0,0,0
12.28,33,33,0,0,0,1,1,0,0,32,0,0,0
14.59,33,33,0,0,0,1,1,0,0,32,0,0,0
14.46,33,33,0,0,0,1,1,0,0,32,0,0,0
14.61,29,29,0,0,0,1,1,0,0,28,0,0,0
14.86,29,29,0,0,0,1,1,0,0,28,0,0,0
17.71,29,29,0,0,0,1,1,0,0,28,0,0,0
17.12,29,29,0,0,0,1,1,0,0,28,0,0,0
15.59,29,29,0,0,0,1,1,0,0,28,0,0,0
14.81,29,29,0,0,0,1,1,0,0,28,0,0,0
13.46,29,29,0,0,0,1,1,0,0,28,0,0,0
12.67,29,29,0,0,0,1,1,0,0,28,0,0,0
13.11,29,29,0,0,0,1,1,0,0,28,0,0,0
15.43,29,29,0,0,0,1,1,0,0,28,0,0,0
17.48,29,29,0,0,0,1,1,0,0,28,0,0,0
18.01,29,29,0,0,0,1,1,0,0,28,0,0,0
18.60,29,29,0,0,0,1,1,0,0,28,0,0,0
14.53,29,29,0,0,0,1,1,0,0,28,0,0,0
14.60,29,29,0,0,0,1,1,0,0,28,0,0,0
11.87,29,29,0,0,0,1,1,0,0,28,0,0,0
11.16,29,29,0,0,0,1,1,0,0,28,0,0,0
11.61,29,29,0,0,0,1,1,0,0,28,0,0,0
16.16,29,29,0,0,0,1,1,0,0,28,0,0,0
18.97,29,29,0,0,0,1,1,0,0,28,0,0,0
13.64,29,29,0,0,0,1,1,0,0,28,0,0,0
12.43,29,29,0,0,0,1,1,0,0,28,0,0,0
14.13,29,29,0,0,0,1,1,0,0,28,0,0,0
11.96,29,29,0,0,0,1,1,0,0,28,0,0,0
11.93,29,29,0,0,0,1,1,0,0,28,0,0,0
11.97,29,29,0,0,0,1,1,0,0,28,0,0,0
60.05,29,29,0,0,0,1,1,0,0,28,0,0,0
14.07,29,29,0,0,0,1,1,0,0,28,0,0,0
11.82,29,29,0,0,0,1,1,0,0,28,0,0,0
12.52,29,29,0,0,0,1,1,0,0,28,0,0,0
11.05,29,29,0,0,0,1,1,0,0,28,0,0,0
13.51,29,29,0,0,0,1,1,0,0,28,0,0,0
22.02,29,29,0,0,0,1,1,0,0,28,0,0,0
13.93,29,29,0,0,0,1,1,0,0,28,1,0,0
15.58,29,29,0,0,0,1,1,0,0,28,0,0,0
12.77,29,29,0,0,0,1,1,0,0,28,0,0,0
12.39,29,29,0,0,0,1,1,0,0,28,0,0,0
12.04,29,29,0,0,0,1,1,0,0,28,0,0,0
13.79,29,29,0,0,0,1,1,0,0,28,0,0,0
12.72,29,29,0,0,0,1,1,0,0,28,0,0,0
14.52,29,29,0,0,0,1,1,0,0,28,0,0,0
15.11,29,29,0,0,0,1,1,0,0,28,0,0,0
12.55,29,29,0,0,0,1,1,0,0,28,0,0,0
11.70,29,29,0,0,0,1,1,0,0,28,0,0,0
11.90,29,29,0,0,0,1,1,0,0,28,0,0,0
11.90,29,29,0,0,0,1,1,0,0,28,0,0,0
12.30,29,29,0,0,0,1,1,0,0,28,0,0,0
10.94,29,29,0,0,0,1,1,0,0,28,0,0,0
14.36,29,29,0,0,0,1,1,0,0,28,0,0,0
13.22,29,29,0,0,0,1,1,0,0,28,0,0,0
14.98,29,29,0,0,0,1,1,0,0,28,0,0,0
11.89,29,29,0,0,0,1,1,0,0,28,0,0,0
14.40,29,29,0,0,0,1,1,0,0,28,0,0,0
13.47,29,29,0,0,0,1,1,0,0,28,0,0,0
13.73,29,29,0,0,0,1,1,0,0,28,0,0,0
15.41,29,29,0,0,0,1,1,0,0,28,0,0,0
12.33,29,29,0,0,0,1,1,0,0,28,0,0,0
10.92,29,29,0,0,0,1,1,0,0,28,1,0,0
12.36,29,29,0,0,0,1,1,0,0,28,0,0,0
13.06,29,29,0,0,0,1,1,0,0,28,0,0,0
12.26,29,29,0,0,0,1,1,0,0,28,0,0,0
10.78,29,29,0,0,0,1,1,0,0,28,0,0,0
11.30,29,29,0,0,0,1,1,0,0,28,0,0,0
11.07,29,29,0,0,0,1,1,0,0,28,0,0,0
11.18,29,29,0,0,0,1,1,0,0,28,0,0,0
11.57,29,29,0,0,0,1,1,0,0,28,0,0,0
12.59,29,29,0,0,0,1,1,0,0,28,0,0,0
14.06,29,29,0,0,0,1,1,0,0,28,0,0,0
11.57,29,29,0,0,0,1,1,0,0,28,1,0,0
13.95,29,29,0,0,0,1,1,0,0,28,0,0,0
12.66,29,29,0,0,0,1,1,0,0,28,0,0,0
10.70,29,29,0,0,0,1,1,0,0,28,0,0,0
12.61,29,29,0,0,0,1,1,0,0,28,0,0,0
11.49,29,29,0,0,0,1,1,0,0,28,0,0,0
14.54,29,29,0,0,0,1,1,0,0,28,0,0,0
13.35,29,29,0,0,0,1,1,0,0,28,0,0,0
15.38,29,29,0,0,0,1,1,0,0,28,0,0,0
15.57,29,29,0,0,0,1,1,0,0,28,0,0,0
11.69,29,29,0,0,0,1,1,0,0,28,0,0,0
11.43,29,29,0,0,0,1,1,0,0,28,1,0,0
11.87,29,29,0,0,0,1,1,0,0,28,0,0,0
12.48,29,29,0,0,0,1,1,0,0,28,0,0,0
13.67,29,29,0,0,0,1,1,0,0,28,0,0,0
11.33,29,29,0,0,0,1,1,0,0,28,0,0,0
14.46,29,29,0,0,0,1,1,0,0,28,0,0,0
12.06,29,29,0,0,0,1,1,0,0,28,0,0,0
11.33,29,29,0,0,0,1,1,0,0,28,0,0,0
12.49,29,29,0,0,0,1,1,0,0,28,0,0,0
12.30,29,29,0,0,0,1,1,0,0,28,0,0,0
11.57,29,29,0,0,0,1,1,0,0,28,0,0,0
10.64,29,29,0,0,0,1,1,0,0,28,1,0,0
13.09,29,29,0,0,0,1,1,0,0,28,0,0,0
14.16,29,29,0,0,0,1,1,0,0,28,0,0,0
14.94,29,29,0,0,0,1,1,0,0,28,0,0,0
13.94,29,29,0,0,0,1,1,0,0,28,0,0,0
13.39,29,29,0,0,0,1,1,0,0,28,0,0,0
14.98,29,29,0,0,0,1,1,0,0,28,0,0,0
12.12,29,29,0,0,0,1,1,0,0,28,0,0,0
11.49,29,29,0,0,0,1,1,0,0,28,0,0,0
13.73,29,29,0,0,0,1,1,0,0,28,0,0,0
14.19,29,29,0,0,0,1,1,0,0,28,0,0,0
12.93,30,29,0,0,0,1,1,0,0,29,1,0,0
14.27,29,29,0,0,0,1,1,0,0,28,0,0,0
12.17,29,29,0,0,0,1,1,0,0,28,0,0,0
12.68,29,29,0,0,0,1,1,0,0,28,0,0,0
14.46,29,29,0,0,0,1,1,0,0,28,0,0,0
13.35,29,29,0,0,0,1,1,0,0,28,0,0,0
21.47,29,29,0,0,0,1,1,0,0,28,0,0,0
11.37,29,29,0,0,0,1,1,0,0,28,0,0,0
16.38,29,29,0,0,0,1,1,0,0,28,0,0,0
14.31,29,29,0,0,0,1,1,0,0,28,0,0,0
12.77,29,29,0,0,0,1,1,0,0,28,0,0,0
11.81,29,29,0,0,0,1,1,0,0,28,0,0,0
12.14,29,29,0,0,0,1,1,0,0,28,0,0,0
12.34,29,29,0,0,0,1,1,0,0,28,0,0,0
13.08,29,29,0,0,0,1,1,0,0,28,0,0,0
13.06,29,29,0,0,0,1,1,0,0,28,0,0,0
17.45,29,29,0,0,0,1,1,0,0,28,0,0,0
12.13,29,29,0,0,0,1,1,0,0,28,0,0,0
13.59,29,29,0,0,0,1,1,0,0,28,0,0,0
11.24,29,29,0,0,0,1,1,0,0,28,0,0,0
11.51,29,29,0,0,0,1,1,0,0,28,0,0,0
12.49,29,29,0,0,0,1,1,0,0,28,0,0,0
11.52,29,29,0,0,0,1,1,0,0,28,0,0,0
12.88,29,29,0,0,0,1,1,0,0,28,0,0,0
13.84,29,29,0,0,0,1,1,0,0,28,1,0,0
12.85,29,29,0,0,0,1,1,0,0,28,0,0,0
14.50,29,29,0,0,0,1,1,0,0,28,0,0,0
11.30,29,29,0,0,0,1,1,0,0,28,0,0,0
16.29,29,29,0,0,0,1,1,0,0,28,0,0,0
13.22,29,29,0,0,0,1,1,0,0,28,0,0,0
12.48,29,29,0,0,0,1,1,0,0,28,0,0,0
14.56,29,29,0,0,0,1,1,0,0,28,0,0,0
12.35,29,29,0,0,0,1,1,0,0,28,0,0,0
13.62,29,29,0,0,0,1,1,0,0,28,0,0,0
13.21,29,29,0,0,0,1,1,0,0,28,0,0,0
12.56,29,29,0,0,0,1,1,0,0,28,0,0,0
12.34,29,29,0,0,0,1,1,0,0,28,0,0,0
11.91,29,29,0,0,0,1,1,0,0,28,0,0,0
11.84,29,29,0,0,0,1,1,0,0,28,0,0,0
11.79,29,29,0,0,0,1,1,0,0,28,0,0,0
11.10,29,29,0,0,0,1,1,0,0,28,0,0,0
15.78,29,29,0,0,0,1,1,0,0,28,0,0,0
14.82,29,29,0,0,0,1,1,0,0,28,0,0,0
12.37,29,29,0,0,0,1,1,0,0,28,0,0,0
13.38,29,29,0,0,0,1,1,0,0,28,0,0,0
11.87,29,29,0,0,0,1,1,0,0,28,0,0,0
13.28,29,29,0,0,0,1,1,0,0,28,0,0,0
13.60,29,29,0,0,0,1,1,0,0,28,0,0,0
13.47,29,29,0,0,0,1,1,0,0,28,0,0,0
12.48,29,29,0,0,0,1,1,0,0,28,0,0,0
12.51,29,29,0,0,0,1,1,0,0,28,0,0,0
16.97,29,29,0,0,0,1,1,0,0,28,0,0,0
14.54,29,29,0,0,0,1,1,0,0,28,0,0,0
16.39,29,29,0,0,0,1,1,0,0,28,0,0,0
12.74,29,29,0,0,0,1,1,0,0,28,0,0,0
12.15,29,29,0,0,0,1,1,0,0,28,0,0,0
12.50,30,29,0,0,0,1,1,0,0,29,1,0,0
14.96,29,29,0,0,0,1,1,0,0,28,0,0,0
13.97,29,29,0,0,0,1,1,0,0,28,0,0,0
13.05,29,29,0,0,0,1,1,0,0,28,0,0,0
14.42,29,29,0,0,0,1,1,0,0,28,0,0,0
18.64,29,29,0,0,0,1,1,0,0,28,0,0,0
12.11,29,29,0,0,0,1,1,0,0,28,0,0,0
13.18,29,29,0,0,0,1,1,0,0,28,0,0,0
18.87,29,29,0,0,0,1,1,0,0,28,0,0,0
18.37,29,29,0,0,0,1,1,0,0,28,0,0,0
14.33,29,29,0,0,0,1,1,0,0,28,0,0,0
15.95,29,29,0,0,0,1,1,0,0,28,0,0,0
13.24,29,29,0,0,0,1,1,0,0,28,0,0,0
11.73,29,29,0,0,0,1,1,0,0,28,0,0,0
11.04,29,29,0,0,0,1,1,0,0,28,0,0,0
11.70,29,29,0,0,0,1,1,0,0,28,0,0,0
11.26,29,29,0,0,0,1,1,0,0,28,0,0,0
13.43,30,29,0,0,0,1,1,0,0,29,1,0,0
11.94,29,29,0,0,0,1,1,0,0,28,0,0,0
15.37,29,29,0,0,0,1,1,0,0,28,0,0,0
12.57,29,29,0,0,0,1,1,0,0,28,0,0,0
12.13,29,29,0,0,0,1,1,0,0,28,0,0,0
11.58,29,29,0,0,0,1,1,0,0,28,0,0,0
11.66,29,29,0,0,0,1,1,0,0,28,0,0,0
11.72,29,29,0,0,0,1,1,0,0,28,0,0,0
13.19,29,29,0,0,0,1,1,0,0,28,0,0,0
17.34,29,29,0,0,0,1,1,0,0,28,0,0,0
13.58,29,29,0,0,0,1,1,0,0,28,0,0,0
16.05,29,29,0,0,0,1,1,0,0,28,0,0,0
12.79,29,29,0,0,0,1,1,0,0,28,0,0,0
10.89,29,29,0,0,0,1,1,0,0,28,0,0,0
11.74,29,29,0,0,0,1,1,0,0,28,0,0,0
11.05,29,29,0,0,0,1,1,0,0,28,0,0,0
11.92,29,29,0,0,0,1,1,0,0,28,0,0,0
11.86,30,29,0,0,0,1,1,0,0,29,1,0,0
11.81,29,29,0,0,0,1,1,0,0,28,0,0,0
14.71,29,29,0,0,0,1,1,0,0,28,0,0,0
13.08,29,29,0,0,0,1,1,0,0,28,0,0,0
14.89,29,29,0,0,0,1,1,0,0,28,0,0,0
16.67,29,29,0,0,0,1,1,0,0,28,0,0,0
13.68,29,29,0,0,0,1,1,0,0,28,0,0,0
13.62,29,29,0,0,0,1,1,0,0,28,0,0,0
17.19,29,29,0,0,0,1,1,0,0,28,0,0,0
17.31,29,29,0,0,0,1,1,0,0,28,0,0,0
15.82,42,31,0,0,0,1,1,0,0,41,0,0,0
13.13,48,31,0,0,0,1,1,0,0,47,0,0,0
15.84,48,31,0,0,0,1,1,0,0,47,0,0,0
11.40,48,31,0,0,0,1,1,0,0,47,0,0,0
11.67,48,31,0,0,0,1,1,0,0,47,0,0,0
11.99,48,31,0,0,0,1,1,0,0,47,1,0,0
13.96,48,31,0,0,0,1,1,0,0,47,0,0,0
12.38,48,31,0,0,0,1,1,0,0,47,0,0,0
11.12,48,31,0,0,0,1,1,0,0,47,0,0,0
13.10,48,31,0,0,0,1,1,0,0,47,0,0,0
11.69,48,31,0,0,0,1,1,0,0,47,0,0,0
12.92,48,31,0,0,0,1,1,0,0,47,0,0,0
13.66,48,31,0,0,0,1,1,0,0,47,0,0,0
13.69,48,31,0,0,0,1,1,0,0,47,0,0,0
12.68,48,31,0,0,0,1,1,0,0,47,0,0,0
14.46,48,31,0,0,0,1,1,0,0,47,0,0,0
17.82,48,31,0,0,0,1,1,0,0,47,0,0,0
14.91,48,31,0,0,0,1,1,0,0,47,0,0,0
13.90,48,31,0,0,0,1,1,0,0,47,0,0,0
13.17,48,31,0,0,0,1,1,0,0,47,0,0,0
53.68,48,31,0,0,0,1,1,0,0,47,0,0,0
13.82,48,31,0,0,0,1,1,0,0,47,0,0,0
12.23,48,31,0,0,0,1,1,0,0,47,0,0,0
10.63,48,31,0,0,0,1,1,0,0,47,0,0,0
14.31,48,31,0,0,0,1,1,0,0,47,0,0,0
13.96,48,31,0,0,0,1,1,0,0,47,0,0,0
13.66,48,31,0,0,0,1,1,0,0,47,0,0,0
16.30,48,31,0,0,0,1,1,0,0,47,0,0,0
12.95,49,31,0,0,0,1,1,0,0,48,1,0,0
18.17,48,31,0,0,0,1,1,0,0,47,0,0,0
14.65,48,31,0,0,0,1,1,0,0,47,0,0,0
11.60,48,31,0,0,0,1,1,0,0,47,0,0,0
11.88,47,30,0,0,0,1,1,0,0,46,0,0,0
11.83,41,30,0,0,0,1,1,0,0,40,0,0,0
11.22,41,30,0,0,0,1,1,0,0,40,0,0,0
15.32,41,30,0,0,0,1,1,0,0,40,0,0,0
11.33,41,30,0,0,0,1,1,0,0,40,0,0,0
12.71,41,30,0,0,0,1,1,0,0,40,0,0,0
20.81,41,30,0,0,0,1,1,0,0,40,0,0,0
17.18,41,30,0,0,0,1,1,0,0,40,0,0,0
12.51,41,30,0,0,0,1,1,0,0,40,0,0,0
13.12,41,30,0,0,0,1,1,0,0,40,0,0,0
12.58,41,30,0,0,0,1,1,0,0,40,0,0,0
13.38,41,30,0,0,0,1,1,0,0,40,0,0,0
15.51,41,30,0,0,0,1,1,0,0,40,0,0,0
14.80,42,30,0,0,0,1,1,0,0,41,1,0,0
14.70,41,30,0,0,0,1,1,0,0,40,0,0,0
12.80,41,30,0,0,0,1,1,0,0,40,0,0,0
11.65,41,30,0,0,0,1,1,0,0,40,0,0,0
10.71,41,30,0,0,0,1,1,0,0,40,0,0,0
11.64,41,30,0,0,0,1,1,0,0,40,0,0,0
11.57,41,30,0,0,0,1,1,0,0,40,0,0,0
15.33,41,30,0,0,0,1,1,0,0,40,0,0,0
13.57,41,30,0,0,0,1,1,0,0,40,0,0,0
15.74,41,30,0,0,0,1,1,0,0,40,0,0,0
12.20,41,30,0,0,0,1,1,0,0,40,0,0,0
11.96,41,30,0,0,0,1,1,0,0,40,0,0,0
12.50,41,30,0,0,0,1,1,0,0,40,0,0,0
11.19,41,30,0,0,0,1,1,0,0,40,0,0,0
11.95,41,30,0,0,0,1,1,0,0,40,0,0,0
10.59,41,30,0,0,0,1,1,0,0,40,0,0,0
11.70,41,30,0,0,0,1,1,0,0,40,0,0,0
12.34,41,30,0,0,0,1,1,0,0,40,0,0,0
17.85,41,30,0,0,0,1,1,0,0,40,0,0,0
15.64,41,30,0,0,0,1,1,0,0,40,0,0,0
11.45,41,30,0,0,0,1,1,0,0,40,0,0,0
11.32,41,30,0,0,0,1,1,0,0,40,0,0,0
13.31,41,30,0,0,0,1,1,0,0,40,0,0,0
10.90,41,30,0,0,0,1,1,0,0,40,0,0,0
10.80,41,30,0,0,0,1,1,0,0,40,0,0,0
12.34,41,30,0,0,0,1,1,0,0,40,0,0,0
13.01,41,30,0,0,0,1,1,0,0,40,0,0,0
13.44,41,30,0,0,0,1,1,0,0,40,0,0,0
13.15,29,29,0,0,0,1,1,0,0,28,0,0,0
13.00,29,29,0,0,0,1,1,0,0,28,0,0,0
12.40,29,29,0,0,0,1,1,0,0,28,0,0,0
13.41,29,29,0,0,0,1,1,0,0,28,0,0,0
14.71,29,29,0,0,0,1,1,0,0,28,0,0,0
11.40,30,29,0,0,0,1,1,0,0,29,1,0,0
10.88,29,29,0,0,0,1,1,0,0,28,0,0,0
13.02,29,29,0,0,0,1,1,0,0,28,0,0,0
13.25,29,29,0,0,0,1,1,0,0,28,0,0,0
11.32,29,29,0,0,0,1,1,0,0,28,0,0,0
10.49,29,29,0,0,0,1,1,0,0,28,0,0,0
10.96,29,29,0,0,0,1,1,0,0,28,0,0,0
10.79,29,29,0,0,0,1,1,0,0,28,0,0,0
15.51,29,29,0,0,0,1,1,0,0,28,0,0,0
12.24,29,29,0,0,0,1,1,0,0,28,0,0,0
15.36,29,29,0,0,0,1,1,0,0,28,0,0,0
12.50,29,29,0,0,0,1,1,0,0,28,0,0,0
11.32,30,29,0,0,0,1,1,0,0,29,1,0,0
10.49,29,29,0,0,0,1,1,0,0,28,0,0,0
10.33,29,29,0,0,0,1,1,0,0,28,0,0,0
11.24,29,29,0,0,0,1,1,0,0,28,0,0,0
10.60,29,29,0,0,0,1,1,0,0,28,0,0,0
10.41,30,29,0,0,0,1,1,0,0,29,1,0,0
10.98,29,29,0,0,0,1,1,0,0,28,0,0,0
14.23,29,29,0,0,0,1,1,0,0,28,0,0,0
11.59,29,29,0,0,0,1,1,0,0,28,0,0,0
14.13,29,29,0,0,0,1,1,0,0,28,0,0,0
12.11,29,29,0,0,0,1,1,0,0,28,0,0,0
11.41,29,29,0,0,0,1,1,0,0,28,0,0,0
13.44,29,29,0,0,0,1,1,0,0,28,0,0,0
11.07,29,29,0,0,0,1,1,0,0,28,0,0,0
10.96,29,29,0,0,0,1,1,0,0,28,0,0,0
10.99,29,29,0,0,0,1,1,0,0,28,0,0,0
11.45,29,29,0,0,0,1,1,0,0,28,0,0,0
10.92,29,29,0,0,0,1,1,0,0,28,0,0,0
17.32,29,29,0,0,0,1,1,0,0,28,0,0,0
11.96,29,29,0,0,0,1,1,0,0,28,0,0,0
14.07,29,29,0,0,0,1,1,0,0,28,1,0,0
12.47,29,29,0,0,0,1,1,0,0,28,0,0,0
11.28,29,29,0,0,0,1,1,0,0,28,0,0,0
17.15,29,29,0,0,0,1,1,0,0,28,0,0,0
14.22,29,29,0,0,0,1,1,0,0,28,0,0,0
11.83,29,29,0,0,0,1,1,0,0,28,0,0,0
11.37,29,29,0,0,0,1,1,0,0,28,0,0,0
16.60,29,29,0,0,0,1,1,0,0,28,0,0,0
19.54,29,29,0,0,0,1,1,0,0,28,0,0,0
18.54,29,29,0,0,0,1,1,0,0,28,0,0,0
14.66,29,29,0,0,0,1,1,0,0,28,0,0,0
14.10,29,29,0,0,0,1,1,0,0,28,0,0,0
14.54,29,29,0,0,0,1,1,0,0,28,0,0,0
17.08,29,29,0,0,0,1,1,0,0,28,0,0,0
28.69,29,29,0,0,0,1,1,0,0,28,0,0,0
13.26,29,29,0,0,0,1,1,0,0,28,0,0,0
11.03,29,29,0,0,0,1,1,0,0,28,0,0,0
11.01,29,29,0,0,0,1,1,0,0,28,0,0,0
42.55,29,29,0,0,0,1,1,0,0,28,0,0,0
15.12,29,29,0,0,0,1,1,0,0,28,0,0,0
16.14,29,29,0,0,0,1,1,0,0,28,0,0,0
12.05,29,29,0,0,0,1,1,0,0,28,0,0,0
11.60,29,29,0,0,0,1,1,0,0,28,0,0,0
10.37,29,29,0,0,0,1,1,0,0,28,0,0,0
10.18,29,29,0,0,0,1,1,0,0,28,0,0,0
12.03,29,29,0,0,0,1,1,0,0,28,0,0,0
12.98,29,29,0,0,0,1,1,0,0,28,0,0,0
17.80,29,29,0,0,0,1,1,0,0,28,0,0,0
22.67,29,29,0,0,0,1,1,0,0,28,0,0,0
18.64,29,29,0,0,0,1,1,0,0,28,0,0,0
21.00,29,29,0,0,0,1,1,0,0,28,0,0,0
18.13,29,29,0,0,0,1,1,0,0,28,0,0,0
15.71,29,29,0,0,0,1,1,0,0,28,0,0,0
22.01,29,29,0,0,0,1,1,0,0,28,0,0,0
42.68,29,29,0,0,0,1,1,0,0,28,0,0,0
17.04,29,29,0,0,0,1,1,0,0,28,0,0,0
20.57,29,29,0,0,0,1,1,0,0,28,1,0,0
18.58,29,29,0,0,0,1,1,0,0,28,0,0,0
15.27,29,29,0,0,0,1,1,0,0,28,0,0,0
13.89,29,29,0,0,0,1,1,0,0,28,0,0,0
12.03,29,29,0,0,0,1,1,0,0,28,0,0,0
13.68,29,29,0,0,0,1,1,0,0,28,0,0,0
13.71,29,29,0,0,0,1,1,0,0,28,0,0,0
13.19,29,29,0,0,0,1,1,0,0,28,0,0,0
17.22,29,29,0,0,0,1,1,0,0,28,0,0,0
13.34,29,29,0,0,0,1,1,0,0,28,0,0,0
13.45,29,29,0,0,0,1,1,0,0,28,0,0,0
25.79,29,29,0,0,0,1,1,0,0,28,0,0,0
15.14,29,29,0,0,0,1,1,0,0,28,0,0,0
11.96,29,29,0,0,0,1,1,0,0,28,0,0,0
14.43,29,29,0,0,0,1,1,0,0,28,0,0,0
11.28,29,29,0,0,0,1,1,0,0,28,0,0,0
14.65,29,29,0,0,0,1,1,0,0,28,0,0,0
14.35,29,29,0,0,0,1,1,0,0,28,0,0,0
16.57,29,29,0,0,0,1,1,0,0,28,0,0,0
28.50,29,29,0,0,0,1,1,0,0,28,0,0,0
11.99,29,29,0,0,0,1,1,0,0,28,0,0,0
16.22,29,29,0,0,0,1,1,0,0,28,0,0,0
21.86,29,29,0,0,0,1,1,0,0,28,0,0,0
19.77,29,29,0,0,0,1,1,0,0,28,0,0,0
19.16,29,29,0,0,0,1,1,0,0,28,0,0,0
11.15,29,29,0,0,0,1,1,0,0,28,0,0,0
12.55,29,29,0,0,0,1,1,0,0,28,0,0,0
18.86,29,29,0,0,0,1,1,0,0,28,0,0,0
34.99,29,29,0,0,0,1,1,0,0,28,0,0,0
19.19,29,29,0,0,0,1,1,0,0,28,0,0,0
23.44,30,29,0,0,0,1,1,0,0,29,1,0,0
27.11,29,29,0,0,0,1,1,0,0,28,0,0,0
11.43,29,29,0,0,0,1,1,0,0,28,0,0,0
11.44,29,29,0,0,0,1,1,0,0,28,0,0,0
9.02,29,29,0,0,0,1,1,0,0,28,0,0,0
8.37,29,29,0,0,0,1,1,0,0,28,0,0,0
13.83,29,29,0,0,0,1,1,0,0,28,0,0,0
12.88,29,29,0,0,0,1,1,0,0,28,0,0,0
9.96,29,29,0,0,0,1,1,0,0,28,0,0,0
9.67,29,29,0,0,0,1,1,0,0,28,0,0,0
9.62,29,29,0,0,0,1,1,0,0,28,0,0,0
9.19,29,29,0,0,0,1,1,0,0,28,0,0,0
9.17,29,29,0,0,0,1,1,0,0,28,0,0,0
9.54,29,29,0,0,0,1,1,0,0,28,0,0,0
8.90,29,29,0,0,0,1,1,0,0,28,0,0,0
12.91,29,29,0,0,0,1,1,0,0,28,0,0,0
17.80,29,29,0,0,0,1,1,0,0,28,0,0,0
10.70,29,29,0,0,0,1,1,0,0,28,0,0,0
12.69,29,29,0,0,0,1,1,0,0,28,0,0,0
9.83,29,29,0,0,0,1,1,0,0,28,0,0,0
14.26,29,29,0,0,0,1,1,0,0,28,0,0,0
16.02,29,29,0,0,0,1,1,0,0,28,0,0,0
15.22,29,29,0,0,0,1,1,0,0,28,0,0,0
11.81,29,29,0,0,0,1,1,0,0,28,0,0,0
14.75,29,29,0,0,0,1,1,0,0,28,0,0,0
12.42,29,29,0,0,0,1,1,0,0,28,1,0,0
17.48,29,29,0,0,0,1,1,0,0,28,0,0,0
11.06,29,29,0,0,0,1,1,0,0,28,0,0,0
10.47,29,29,0,0,0,1,1,0,0,28,1,0,0
12.77,29,29,0,0,0,1,1,0,0,28,0,0,0
12.62,29,29,0,0,0,1,1,0,0,28,0,0,0
14.10,29,29,0,0,0,1,1,0,0,28,1,0,0
15.22,29,29,0,0,0,1,1,0,0,28,0,0,0
25.19,29,29,0,0,0,1,1,0,0,28,0,0,0
32.27,30,29,0,0,0,1,1,0,0,29,1,0,0
14.81,29,29,0,0,0,1,1,0,0,28,0,0,0
11.93,29,29,0,0,0,1,1,0,0,28,0,0,0
19.79,29,29,0,0,0,1,1,0,0,28,0,0,0
17.30,29,29,0,0,0,1,1,0,0,28,0,0,0
15.08,29,29,0,0,0,1,1,0,0,28,0,0,0
20.96,29,29,0,0,0,1,1,0,0,28,0,0,0
15.20,29,29,0,0,0,1,1,0,0,28,0,0,0
12.07,29,29,0,0,0,1,1,0,0,28,0,0,0
12.05,29,29,0,0,0,1,1,0,0,28,0,0,0
11.07,29,29,0,0,0,1,1,0,0,28,0,0,0
14.04,29,29,0,0,0,1,1,0,0,28,0,0,0
28.57,29,29,0,0,0,1,1,0,0,28,0,0,0
15.78,30,29,0,0,0,1,1,0,0,29,1,0,0
18.29,29,29,0,0,0,1,1,0,0,28,0,0,0
15.58,29,29,0,0,0,1,1,0,0,28,0,0,0
13.55,29,29,0,0,0,1,1,0,0,28,0,0,0
11.55,29,29,0,0,0,1,1,0,0,28,0,0,0
12.79,29,29,0,0,0,1,1,0,0,28,0,0,0
17.83,29,29,0,0,0,1,1,0,0,28,0,0,0
18.39,29,29,0,0,0,1,1,0,0,28,0,0,0
15.06,29,29,0,0,0,1,1,0,0,28,0,0,0
14.81,29,29,0,0,0,1,1,0,0,28,0,0,0
10.54,29,29,0,0,0,1,1,0,0,28,0,0,0
30.36,29,29,0,0,0,1,1,0,0,28,0,0,0
18.02,29,29,0,0,0,1,1,0,0,28,0,0,0
14.10,29,29,0,0,0,1,1,0,0,28,1,0,0
11.67,29,29,0,0,0,1,1,0,0,28,0,0,0
10.81,29,29,0,0,0,1,1,0,0,28,0,0,0
12.28,29,29,0,0,0,1,1,0,0,28,0,0,0
14.05,29,29,0,0,0,1,1,0,0,28,0,0,0
11.50,29,29,0,0,0,1,1,0,0,28,0,0,0
10.15,29,29,0,0,0,1,1,0,0,28,0,0,0
11.37,29,29,0,0,0,1,1,0,0,28,0,0,0
8.09,29,29,0,0,0,1,1,0,0,28,0,0,0
13.77,29,29,0,0,0,1,1,0,0,28,0,0,0
12.29,29,29,0,0,0,1,1,0,0,28,0,0,0
11.67,29,29,0,0,0,1,1,0,0,28,0,0,0
10.95,29,29,0,0,0,1,1,0,0,28,0,0,0
11.27,29,29,0,0,0,1,1,0,0,28,1,0,0
7.78,29,29,0,0,0,1,1,0,0,28,0,0,0
8.87,29,29,0,0,0,1,1,0,0,28,0,0,0
8.62,29,29,0,0,0,1,1,0,0,28,0,0,0
8.69,29,29,0,0,0,1,1,0,0,28,0,0,0
9.47,29,29,0,0,0,1,1,0,0,28,0,0,0
8.98,29,29,0,0,0,1,1,0,0,28,0,0,0
12.70,29,29,0,0,0,1,1,0,0,28,0,0,0
9.88,29,29,0,0,0,1,1,0,0,28,0,0,0
9.24,29,29,0,0,0,1,1,0,0,28,0,0,0
9.12,29,29,0,0,0,1,1,0,0,28,0,0,0
9.96,29,29,0,0,0,1,1,0,0,28,0,0,0
8.65,29,29,0,0,0,1,1,0,0,28,0,0,0
9.54,30,29,0,0,0,1,1,0,0,29,1,0,0
8.93,29,29,0,0,0,1,1,0,0,28,0,0,0
9.52,29,29,0,0,0,1,1,0,0,28,0,0,0
7.66,29,29,0,0,0,1,1,0,0,28,0,0,0
10.42,29,29,0,0,0,1,1,0,0,28,0,0,0
13.44,29,29,0,0,0,1,1,0,0,28,0,0,0
10.02,29,29,0,0,0,1,1,0,0,28,0,0,0
9.91,29,29,0,0,0,1,1,0,0,28,0,0,0
8.78,29,29,0,0,0,1,1,0,0,28,0,0,0
8.99,29,29,0,0,0,1,1,0,0,28,0,0,0
8.39,29,29,0,0,0,1,1,0,0,28,0,0,0
8.35,29,29,0,0,0,1,1,0,0,28,0,0,0
8.51,29,29,0,0,0,1,1,0,0,28,0,0,0
10.30,29,29,0,0,0,1,1,0,0,28,1,0,0
10.77,29,29,0,0,0,1,1,0,0,28,0,0,0
9.80,29,29,0,0,0,1,1,0,0,28,0,0,0
8.70,29,29,0,0,0,1,1,0,0,28,0,0,0
10.14,29,29,0,0,0,1,1,0,0,28,0,0,0
11.61,29,29,0,0,0,1,1,0,0,28,0,0,0
12.62,29,29,0,0,0,1,1,0,0,28,0,0,0
12.66,29,29,0,0,0,1,1,0,0,28,0,0,0
11.23,29,29,0,0,0,1,1,0,0,28,0,0,0
16.86,29,29,0,0,0,1,1,0,0,28,0,0,0
15.14,29,29,0,0,0,1,1,0,0,28,0,0,0
17.43,29,29,0,0,0,1,1,0,0,28,0,0,0
18.36,29,29,0,0,0,1,1,0,0,28,0,0,0
18.66,30,29,0,0,0,1,1,0,0,29,1,0,0
17.16,29,29,0,0,0,1,1,0,0,28,0,0,0
14.24,29,29,0,0,0,1,1,0,0,28,0,0,0
15.45,29,29,0,0,0,1,1,0,0,28,0,0,0
11.29,29,29,0,0,0,1,1,0,0,28,0,0,0
13.04,29,29,0,0,0,1,1,0,0,28,0,0,0
15.84,29,29,0,0,0,1,1,0,0,28,0,0,0
17.73,29,29,0,0,0,1,1,0,0,28,0,0,0
17.76,29,29,0,0,0,1,1,0,0,28,0,0,0
14.78,29,29,0,0,0,1,1,0,0,28,0,0,0
18.30,29,29,0,0,0,1,1,0,0,28,0,0,0
11.14,29,29,0,0,0,1,1,0,0,28,0,0,0
8.95,29,29,0,0,0,1,1,0,0,28,0,0,0
13.17,29,29,0,0,0,1,1,0,0,28,0,0,0
12.64,29,29,0,0,0,1,1,0,0,28,0,0,0
15.77,29,29,0,0,0,1,1,0,0,28,0,0,0
15.64,29,29,0,0,0,1,1,0,0,28,0,0,0
20.34,30,29,0,0,0,1,1,0,0,29,1,0,0
14.46,29,29,0,0,0,1,1,0,0,28,0,0,0
12.32,29,29,0,0,0,1,1,0,0,28,0,0,0
12.89,29,29,0,0,0,1,1,0,0,28,0,0,0
16.38,29,29,0,0,0,1,1,0,0,28,0,0,0
13.10,29,29,0,0,0,1,1,0,0,28,0,0,0
19.54,29,29,0,0,0,1,1,0,0,28,0,0,0
23.01,29,29,0,0,0,1,1,0,0,28,0,0,0
18.26,29,29,0,0,0,1,1,0,0,28,0,0,0
16.09,29,29,0,0,0,1,1,0,0,28,0,0,0
18.64,29,29,0,0,0,1,1,0,0,28,0,0,0
19.64,29,29,0,0,0,1,1,0,0,28,0,0,0
17.66,29,29,0,0,0,1,1,0,0,28,0,0,0
12.51,29,29,0,0,0,1,1,0,0,28,0,0,0
17.73,29,29,0,0,0,1,1,0,0,28,0,0,0
12.48,29,29,0,0,0,1,1,0,0,28,0,0,0
12.12,29,29,0,0,0,1,1,0,0,28,0,0,0
11.69,29,29,0,0,0,1,1,0,0,28,0,0,0
15.28,29,29,0,0,0,1,1,0,0,28,0,0,0
24.18,29,29,0,0,0,1,1,0,0,28,0,0,0
17.62,29,29,0,0,0,1,1,0,0,28,0,0,0
10.49,29,29,0,0,0,1,1,0,0,28,0,0,0
13.72,29,29,0,0,0,1,1,0,0,28,0,0,0
15.33,29,29,0,0,0,1,1,0,0,28,0,0,0
17.43,29,29,0,0,0,1,1,0,0,28,0,0,0
16.86,29,29,0,0,0,1,1,0,0,28,0,0,0
15.63,29,29,0,0,0,1,1,0,0,28,0,0,0
14.63,29,29,0,0,0,1,1,0,0,28,0,0,0
15.98,30,29,0,0,0,1,1,0,0,29,1,0,0
12.44,29,29,0,0,0,1,1,0,0,28,0,0,0
12.28,29,29,0,0,0,1,1,0,0,28,0,0,0
11.28,29,29,0,0,0,1,1,0,0,28,0,0,0
11.90,29,29,0,0,0,1,1,0,0,28,0,0,0
17.62,29,29,0,0,0,1,1,0,0,28,0,0,0
16.30,29,29,0,0,0,1,1,0,0,28,0,0,0
13.47,29,29,0,0,0,1,1,0,0,28,0,0,0
11.46,29,29,0,0,0,1,1,0,0,28,0,0,0
12.93,29,29,0,0,0,1,1,0,0,28,0,0,0
11.11,29,29,0,0,0,1,1,0,0,28,0,0,0
12.13,29,29,0,0,0,1,1,0,0,28,0,0,0
14.80,29,29,0,0,0,1,1,0,0,28,0,0,0
19.66,29,29,0,0,0,1,1,0,0,28,0,0,0
16.52,29,29,0,0,0,1,1,0,0,28,0,0,0
12.02,29,29,0,0,0,1,1,0,0,28,0,0,0
12.69,29,29,0,0,0,1,1,0,0,28,0,0,0
15.20,29,29,0,0,0,1,1,0,0,28,0,0,0
14.65,42,31,0,0,0,1,1,0,0,41,0,0,0
11.94,48,31,0,0,0,1,1,0,0,47,0,0,0
10.23,48,31,0,0,0,1,1,0,0,47,0,0,0
10.65,48,31,0,0,0,1,1,0,0,47,0,0,0
10.53,48,31,0,0,0,1,1,0,0,47,0,0,0
15.18,48,31,0,0,0,1,1,0,0,47,0,0,0
10.73,48,31,0,0,0,1,1,0,0,47,0,0,0
12.00,48,31,0,0,0,1,1,0,0,47,0,0,0
8.84,48,31,0,0,0,1,1,0,0,47,0,0,0
10.58,48,31,0,0,0,1,1,0,0,47,0,0,0
9.51,48,31,0,0,0,1,1,0,0,47,0,0,0
9.36,48,31,0,0,0,1,1,0,0,47,0,0,0
10.91,48,31,0,0,0,1,1,0,0,47,0,0,0
8.67,48,31,0,0,0,1,1,0,0,47,0,0,0
10.31,48,31,0,0,0,1,1,0,0,47,1,0,0
10.81,48,31,0,0,0,1,1,0,0,47,0,0,0
10.46,48,31,0,0,0,1,1,0,0,47,0,0,0
10.11,48,31,0,0,0,1,1,0,0,47,0,0,0
10.68,48,31,0,0,0,1,1,0,0,47,0,0,0
10.01,48,31,0,0,0,1,1,0,0,47,0,0,0
11.47,48,31,0,0,0,1,1,0,0,47,0,0,0
11.91,48,31,0,0,0,1,1,0,0,47,0,0,0
11.07,48,31,0,0,0,1,1,0,0,47,0,0,0
12.86,48,31,0,0,0,1,1,0,0,47,0,0,0
11.98,48,31,0,0,0,1,1,0,0,47,0,0,0
12.24,48,31,0,0,0,1,1,0,0,47,0,0,0
19.32,48,31,0,0,0,1,1,0,0,47,0,0,0
16.59,48,31,0,0,0,1,1,0,0,47,0,0,0
14.97,48,31,0,0,0,1,1,0,0,47,0,0,0
10.96,48,31,0,0,0,1,1,0,0,47,0,0,0
9.93,48,31,0,0,0,1,1,0,0,47,0,0,0
10.18,48,31,0,0,0,1,1,0,0,47,0,0,0
9.75,48,31,0,0,0,1,1,0,0,47,0,0,0
9.79,48,31,0,0,0,1,1,0,0,47,0,0,0
19.94,48,31,0,0,0,1,1,0,0,47,0,0,0
17.44,48,31,0,0,0,1,1,0,0,47,0,0,0
18.54,48,31,0,0,0,1,1,0,0,47,0,0,0
23.63,47,30,0,0,0,1,1,0,0,46,0,0,0
18.41,41,30,0,0,0,1,1,0,0,40,0,0,0
17.06,41,30,0,0,0,1,1,0,0,40,0,0,0
21.56,41,30,0,0,0,1,1,0,0,40,0,0,0
23.57,41,30,0,0,0,1,1,0,0,40,0,0,0
15.19,41,30,0,0,0,1,1,0,0,40,0,0,0
26.63,41,30,0,0,0,1,1,0,0,40,0,0,0
16.95,41,30,0,0,0,1,1,0,0,40,0,0,0
18.44,41,30,0,0,0,1,1,0,0,40,0,0,0
18.11,41,30,0,0,0,1,1,0,0,40,0,0,0
16.55,41,30,0,0,0,1,1,0,0,40,0,0,0
17.49,41,30,0,0,0,1,1,0,0,40,0,0,0
23.74,41,30,0,0,0,1,1,0,0,40,0,0,0
15.19,41,30,0,0,0,1,1,0,0,40,0,0,0
36.72,41,30,0,0,0,1,1,0,0,40,0,0,0
17.02,41,30,0,0,0,1,1,0,0,40,0,0,0
12.40,41,30,0,0,0,1,1,0,0,40,0,0,0
11.72,41,30,0,0,0,1,1,0,0,40,0,0,0
13.93,41,30,0,0,0,1,1,0,0,40,0,0,0
14.52,42,30,0,0,0,1,1,0,0,41,1,0,0
15.13,41,30,0,0,0,1,1,0,0,40,0,0,0
17.06,41,30,0,0,0,1,1,0,0,40,0,0,0
12.68,41,30,0,0,0,1,1,0,0,40,0,0,0
15.51,41,30,0,0,0,1,1,0,0,40,0,0,0
11.79,41,30,0,0,0,1,1,0,0,40,0,0,0
10.55,41,30,0,0,0,1,1,0,0,40,0,0,0
11.55,29,29,0,0,0,1,1,0,0,28,0,0,0
16.27,29,29,0,0,0,1,1,0,0,28,0,0,0
20.63,30,29,0,0,0,1,1,0,0,29,1,0,0
16.94,29,29,0,0,0,1,1,0,0,28,0,0,0
14.72,29,29,0,0,0,1,1,0,0,28,0,0,0
13.70,29,29,0,0,0,1,1,0,0,28,0,0,0
11.77,29,29,0,0,0,1,1,0,0,28,0,0,0
12.91,29,29,0,0,0,1,1,0,0,28,0,0,0
13.47,29,29,0,0,0,1,1,0,0,28,0,0,0
14.48,30,29,0,0,0,1,1,0,0,29,1,0,0
24.65,29,29,0,0,0,1,1,0,0,28,0,0,0
30.14,29,29,0,0,0,1,1,0,0,28,0,0,0
18.28,29,29,0,0,0,1,1,0,0,28,0,0,0
16.26,29,29,0,0,0,1,1,0,0,28,0,0,0
11.59,29,29,0,0,0,1,1,0,0,28,0,0,0
11.73,29,29,0,0,0,1,1,0,0,28,0,0,0
14.44,30,29,0,0,0,1,1,0,0,29,1,0,0
16.00,29,29,0,0,0,1,1,0,0,28,0,0,0
14.54,29,29,0,0,0,1,1,0,0,28,0,0,0
14.08,29,29,0,0,0,1,1,0,0,28,0,0,0
16.04,29,29,0,0,0,1,1,0,0,28,0,0,0
21.99,29,29,0,0,0,1,1,0,0,28,0,0,0
16.04,29,29,0,0,0,1,1,0,0,28,0,0,0
21.59,29,29,0,0,0,1,1,0,0,28,0,0,0
18.97,29,29,0,0,0,1,1,0,0,28,0,0,0
18.73,29,29,0,0,0,1,1,0,0,28,0,0,0
12.03,29,29,0,0,0,1,1,0,0,28,0,0,0
10.28,29,29,0,0,0,1,1,0,0,28,0,0,0
12.56,29,29,0,0,0,1,1,0,0,28,0,0,0
17.05,29,29,0,0,0,1,1,0,0,28,0,0,0
10.88,29,29,0,0,0,1,1,0,0,28,0,0,0
18.02,29,29,0,0,0,1,1,0,0,28,0,0,0
16.05,29,29,0,0,0,1,1,0,0,28,0,0,0
20.33,29,29,0,0,0,1,1,0,0,28,0,0,0
8.98,29,29,0,0,0,1,1,0,0,28,0,0,0
8.07,29,29,0,0,0,1,1,0,0,28,0,0,0
9.28,29,29,0,0,0,1,1,0,0,28,0,0,0
10.19,29,29,0,0,0,1,1,0,0,28,0,0,0
10.42,29,29,0,0,0,1,1,0,0,28,0,0,0
14.32,29,29,0,0,0,1,1,0,0,28,0,0,0
12.70,30,29,0,0,0,1,1,0,0,29,1,0,0
10.45,29,29,0,0,0,1,1,0,0,28,0,0,0
10.17,29,29,0,0,0,1,1,0,0,28,0,0,0
9.59,29,29,0,0,0,1,1,0,0,28,0,0,0
8.84,29,29,0,0,0,1,1,0,0,28,0,0,0
9.34,29,29,0,0,0,1,1,0,0,28,0,0,0
9.42,29,29,0,0,0,1,1,0,0,28,0,0,0
9.88,29,29,0,0,0,1,1,0,0,28,0,0,0
10.09,29,29,0,0,0,1,1,0,0,28,0,0,0
16.48,29,29,0,0,0,1,1,0,0,28,0,0,0
11.00,29,29,0,0,0,1,1,0,0,28,0,0,0
10.55,29,29,0,0,0,1,1,0,0,28,0,0,0
9.87,29,29,0,0,0,1,1,0,0,28,0,0,0
8.81,29,29,0,0,0,1,1,0,0,28,0,0,0
8.03,29,29,0,0,0,1,1,0,0,28,0,0,0
8.95,29,29,0,0,0,1,1,0,0,28,0,0,0
9.59,29,29,0,0,0,1,1,0,0,28,0,0,0
11.32,29,29,0,0,0,1,1,0,0,28,0,0,0
8.79,29,29,0,0,0,1,1,0,0,28,0,0,0
11.37,29,29,0,0,0,1,1,0,0,28,0,0,0
8.76,29,29,0,0,0,1,1,0,0,28,0,0,0
22.02,29,29,0,0,0,1,1,0,0,28,0,0,0
11.73,29,29,0,0,0,1,1,0,0,28,0,0,0
11.36,29,29,0,0,0,1,1,0,0,28,0,0,0
9.45,29,29,0,0,0,1,1,0,0,28,0,0,0
9.60,29,29,0,0,0,1,1,0,0,28,0,0,0
8.26,29,29,0,0,0,1,1,0,0,28,0,0,0
9.63,29,29,0,0,0,1,1,0,0,28,0,0,0
9.37,29,29,0,0,0,1,1,0,0,28,0,0,0
9.62,29,29,0,0,0,1,1,0,0,28,0,0,0
11.59,29,29,0,0,0,1,1,0,0,28,0,0,0
13.12,29,29,0,0,0,1,1,0,0,28,0,0,0
23.31,29,29,0,0,0,1,1,0,0,28,0,0,0
9.63,29,29,0,0,0,1,1,0,0,28,0,0,0
11.07,29,29,0,0,0,1,1,0,0,28,0,0,0
10.16,29,29,0,0,0,1,1,0,0,28,0,0,0
10.11,29,29,0,0,0,1,1,0,0,28,0,0,0
15.09,29,29,0,0,0,1,1,0,0,28,0,0,0
16.97,29,29,0,0,0,1,1,0,0,28,0,0,0
14.69,29,29,0,0,0,1,1,0,0,28,0,0,0
14.42,29,29,0,0,0,1,1,0,0,28,0,0,0
10.30,30,29,0,0,0,1,1,0,0,29,1,0,0
10.12,29,29,0,0,0,1,1,0,0,28,0,0,0
9.47,29,29,0,0,0,1,1,0,0,28,0,0,0
11.68,29,29,0,0,0,1,1,0,0,28,0,0,0
9.72,29,29,0,0,0,1,1,0,0,28,0,0,0
10.95,29,29,0,0,0,1,1,0,0,28,0,0,0
12.84,29,29,0,0,0,1,1,0,0,28,0,0,0
14.97,29,29,0,0,0,1,1,0,0,28,0,0,0
15.69,29,29,0,0,0,1,1,0,0,28,0,0,0
25.47,29,29,0,0,0,1,1,0,0,28,0,0,0
12.70,29,29,0,0,0,1,1,0,0,28,0,0,0
15.39,29,29,0,0,0,1,1,0,0,28,0,0,0
12.00,29,29,0,0,0,1,1,0,0,28,0,0,0
11.02,29,29,0,0,0,1,1,0,0,28,0,0,0
11.62,29,29,0,0,0,1,1,0,0,28,0,0,0
15.98,29,29,0,0,0,1,1,0,0,28,0,0,0
12.47,29,29,0,0,0,1,1,0,0,28,0,0,0
14.18,29,29,0,0,0,1,1,0,0,28,0,0,0
14.68,29,29,0,0,0,1,1,0,0,28,0,0,0
11.65,29,29,0,0,0,1,1,0,0,28,0,0,0
12.14,29,29,0,0,0,1,1,0,0,28,0,0,0
12.20,29,29,0,0,0,1,1,0,0,28,0,0,0
13.24,29,29,0,0,0,1,1,0,0,28,0,0,0
12.33,29,29,0,0,0,1,1,0,0,28,0,0,0
12.93,29,29,0,0,0,1,1,0,0,28,0,0,0
13.99,29,29,0,0,0,1,1,0,0,28,0,0,0
27.90,29,29,0,0,0,1,1,0,0,28,0,0,0
14.87,30,29,0,0,0,1,1,0,0,29,1,0,0
10.36,29,29,0,0,0,1,1,0,0,28,0,0,0
11.19,29,29,0,0,0,1,1,0,0,28,0,0,0
9.46,29,29,0,0,0,1,1,0,0,28,0,0,0
15.06,29,29,0,0,0,1,1,0,0,28,0,0,0
13.42,29,29,0,0,0,1,1,0,0,28,0,0,0
12.32,29,29,0,0,0,1,1,0,0,28,0,0,0
13.07,29,29,0,0,0,1,1,0,0,28,0,0,0
13.87,29,29,0,0,0,1,1,0,0,28,0,0,0
12.15,29,29,0,0,0,1,1,0,0,28,0,0,0
11.73,29,29,0,0,0,1,1,0,0,28,0,0,0
9.91,29,29,0,0,0,1,1,0,0,28,0,0,0
14.45,29,29,0,0,0,1,1,0,0,28,0,0,0
12.61,29,29,0,0,0,1,1,0,0,28,0,0,0
13.04,29,29,0,0,0,1,1,0,0,28,0,0,0
16.42,29,29,0,0,0,1,1,0,0,28,0,0,0
10.95,30,29,0,0,0,1,1,0,0,29,1,0,0
10.30,29,29,0,0,0,1,1,0,0,28,0,0,0
9.99,29,29,0,0,0,1,1,0,0,28,0,0,0
10.73,30,29,0,0,0,1,1,0,0,29,1,0,0
10.16,29,29,0,0,0,1,1,0,0,28,0,0,0
11.34,29,29,0,0,0,1,1,0,0,28,0,0,0
12.24,30,29,0,0,0,1,1,0,0,29,1,0,0
16.48,29,29,0,0,0,1,1,0,0,28,0,0,0
12.59,29,29,0,0,0,1,1,0,0,28,0,0,0
11.25,30,29,0,0,0,1,1,0,0,29,1,0,0
9.38,29,29,0,0,0,1,1,0,0,28,0,0,0
25.80,29,29,0,0,0,1,1,0,0,28,0,0,0
13.82,30,29,0,0,0,1,1,0,0,29,1,0,0
13.31,29,29,0,0,0,1,1,0,0,28,0,0,0
14.08,29,29,0,0,0,1,1,0,0,28,0,0,0
14.85,29,29,0,0,0,1,1,0,0,28,0,0,0
11.24,29,29,0,0,0,1,1,0,0,28,0,0,0
10.07,29,29,0,0,0,1,1,0,0,28,0,0,0
11.75,29,29,0,0,0,1,1,0,0,28,0,0,0
12.89,29,29,0,0,0,1,1,0,0,28,0,0,0
13.06,29,29,0,0,0,1,1,0,0,28,0,0,0
16.44,29,29,0,0,0,1,1,0,0,28,0,0,0
11.69,29,29,0,0,0,1,1,0,0,28,0,0,0
10.27,29,29,0,0,0,1,1,0,0,28,0,0,0
12.79,29,29,0,0,0,1,1,0,0,28,0,0,0
11.91,29,29,0,0,0,1,1,0,0,28,0,0,0
9.84,30,29,0,0,0,1,1,0,0,29,1,0,0
10.04,29,29,0,0,0,1,1,0,0,28,0,0,0
11.03,29,29,0,0,0,1,1,0,0,28,0,0,0
16.10,29,29,0,0,0,1,1,0,0,28,0,0,0
15.52,29,29,0,0,0,1,1,0,0,28,0,0,0
12.96,29,29,0,0,0,1,1,0,0,28,0,0,0
12.61,29,29,0,0,0,1,1,0,0,28,0,0,0
14.55,29,29,0,0,0,1,1,0,0,28,0,0,0
15.23,29,29,0,0,0,1,1,0,0,28,0,0,0
16.76,29,29,0,0,0,1,1,0,0,28,0,0,0
13.10,29,29,0,0,0,1,1,0,0,28,0,0,0
13.12,29,29,0,0,0,1,1,0,0,28,0,0,0
16.88,29,29,0,0,0,1,1,0,0,28,0,0,0
14.79,29,29,0,0,0,1,1,0,0,28,0,0,0
19.54,29,29,0,0,0,1,1,0,0,28,0,0,0
12.25,29,29,0,0,0,1,1,0,0,28,0,0,0
11.40,29,29,0,0,0,1,1,0,0,28,0,0,0
11.02,29,29,0,0,0,1,1,0,0,28,0,0,0
10.93,29,29,0,0,0,1,1,0,0,28,0,0,0
48.54,29,29,0,0,0,1,1,0,0,28,0,0,0
37.91,29,29,0,0,0,1,1,0,0,28,0,0,0
13.50,29,29,0,0,0,1,1,0,0,28,0,0,0
12.56,29,29,0,0,0,1,1,0,0,28,0,0,0
12.73,29,29,0,0,0,1,1,0,0,28,0,0,0
10.52,29,29,0,0,0,1,1,0,0,28,0,0,0
37.42,29,29,0,0,0,1,1,0,0,28,0,0,0
16.12,29,29,0,0,0,1,1,0,0,28,0,0,0
12.14,29,29,0,0,0,1,1,0,0,28,0,0,0
10.82,29,29,0,0,0,1,1,0,0,28,0,0,0
12.58,29,29,0,0,0,1,1,0,0,28,0,0,0
11.48,29,29,0,0,0,1,1,0,0,28,0,0,0
14.19,29,29,0,0,0,1,1,0,0,28,0,0,0
13.93,29,29,0,0,0,1,1,0,0,28,0,0,0
11.65,29,29,0,0,0,1,1,0,0,28,0,0,0
16.00,29,29,0,0,0,1,1,0,0,28,0,0,0
18.23,29,29,0,0,0,1,1,0,0,28,0,0,0
16.25,29,29,0,0,0,1,1,0,0,28,0,0,0
14.21,29,29,0,0,0,1,1,0,0,28,0,0,0
17.88,29,29,0,0,0,1,1,0,0,28,0,0,0
12.88,29,29,0,0,0,1,1,0,0,28,0,0,0
15.19,29,29,0,0,0,1,1,0,0,28,0,0,0
12.97,29,29,0,0,0,1,1,0,0,28,0,0,0
14.58,29,29,0,0,0,1,1,0,0,28,0,0,0
13.68,29,29,0,0,0,1,1,0,0,28,0,0,0
10.06,29,29,0,0,0,1,1,0,0,28,0,0,0
11.40,29,29,0,0,0,1,1,0,0,28,0,0,0
12.57,29,29,0,0,0,1,1,0,0,28,0,0,0
11.87,29,29,0,0,0,1,1,0,0,28,0,0,0
16.05,29,29,0,0,0,1,1,0,0,28,0,0,0
16.65,29,29,0,0,0,1,1,0,0,28,0,0,0
11.84,29,29,0,0,0,1,1,0,0,28,0,0,0
12.61,29,29,0,0,0,1,1,0,0,28,0,0,0
13.78,29,29,0,0,0,1,1,0,0,28,0,0,0
11.04,29,29,0,0,0,1,1,0,0,28,0,0,0
12.62,29,29,0,0,0,1,1,0,0,28,0,0,0
17.59,29,29,0,0,0,1,1,0,0,28,0,0,0
15.40,29,29,0,0,0,1,1,0,0,28,0,0,0
15.44,29,29,0,0,0,1,1,0,0,28,0,0,0
14.27,29,29,0,0,0,1,1,0,0,28,0,0,0
11.87,29,29,0,0,0,1,1,0,0,28,0,0,0
12.35,29,29,0,0,0,1,1,0,0,28,0,0,0
12.01,29,29,0,0,0,1,1,0,0,28,0,0,0
12.78,29,29,0,0,0,1,1,0,0,28,0,0,0
11.94,29,29,0,0,0,1,1,0,0,28,0,0,0
11.77,29,29,0,0,0,1,1,0,0,28,0,0,0
17.02,29,29,0,0,0,1,1,0,0,28,0,0,0
14.14,29,29,0,0,0,1,1,0,0,28,0,0,0
14.73,29,29,0,0,0,1,1,0,0,28,0,0,0
13.60,29,29,0,0,0,1,1,0,0,28,0,0,0
11.51,29,29,0,0,0,1,1,0,0,28,0,0,0
13.24,29,29,0,0,0,1,1,0,0,28,0,0,0
11.06,29,29,0,0,0,1,1,0,0,28,0,0,0
13.48,29,29,0,0,0,1,1,0,0,28,0,0,0
12.36,29,29,0,0,0,1,1,0,0,28,0,0,0
12.88,29,29,0,0,0,1,1,0,0,28,0,0,0
16.11,29,29,0,0,0,1,1,0,0,28,0,0,0
14.26,29,29,0,0,0,1,1,0,0,28,0,0,0
15.97,29,29,0,0,0,1,1,0,0,28,0,0,0
12.06,30,29,0,0,0,1,1,0,0,29,1,0,0
12.50,29,29,0,0,0,1,1,0,0,28,0,0,0
12.00,29,29,0,0,0,1,1,0,0,28,0,0,0
10.37,29,29,0,0,0,1,1,0,0,28,0,0,0
12.77,29,29,0,0,0,1,1,0,0,28,0,0,0
14.32,29,29,0,0,0,1,1,0,0,28,0,0,0
13.63,29,29,0,0,0,1,1,0,0,28,0,0,0
12.92,29,29,0,0,0,1,1,0,0,28,0,0,0
11.10,29,29,0,0,0,1,1,0,0,28,0,0,0
11.71,29,29,0,0,0,1,1,0,0,28,0,0,0
11.82,29,29,0,0,0,1,1,0,0,28,0,0,0
10.76,29,29,0,0,0,1,1,0,0,28,0,0,0
14.38,29,29,0,0,0,1,1,0,0,28,0,0,0
11.10,29,29,0,0,0,1,1,0,0,28,0,0,0
12.50,29,29,0,0,0,1,1,0,0,28,0,0,0
12.34,29,29,0,0,0,1,1,0,0,28,0,0,0
11.20,29,29,0,0,0,1,1,0,0,28,0,0,0
10.73,29,29,0,0,0,1,1,0,0,28,0,0,0
12.64,29,29,0,0,0,1,1,0,0,28,0,0,0
11.96,29,29,0,0,0,1,1,0,0,28,0,0,0
11.89,29,29,0,0,0,1,1,0,0,28,0,0,0
13.41,29,29,0,0,0,1,1,0,0,28,0,0,0
12.85,29,29,0,0,0,1,1,0,0,28,0,0,0
14.78,29,29,0,0,0,1,1,0,0,28,0,0,0
13.17,29,29,0,0,0,1,1,0,0,28,0,0,0
11.49,29,29,0,0,0,1,1,0,0,28,0,0,0
12.23,29,29,0,0,0,1,1,0,0,28,0,0,0
11.73,29,29,0,0,0,1,1,0,0,28,0,0,0
12.24,29,29,0,0,0,1,1,0,0,28,0,0,0
13.48,29,29,0,0,0,1,1,0,0,28,0,0,0
11.14,29,29,0,0,0,1,1,0,0,28,0,0,0
15.67,29,29,0,0,0,1,1,0,0,28,0,0,0
13.67,29,29,0,0,0,1,1,0,0,28,0,0,0
13.02,29,29,0,0,0,1,1,0,0,28,0,0,0
12.12,29,29,0,0,0,1,1,0,0,28,0,0,0
13.49,29,29,0,0,0,1,1,0,0,28,0,0,0
13.45,29,29,0,0,0,1,1,0,0,28,0,0,0
13.30,29,29,0,0,0,1,1,0,0,28,0,0,0
11.20,29,29,0,0,0,1,1,0,0,28,0,0,0
11.95,29,29,0,0,0,1,1,0,0,28,0,0,0
13.23,29,29,0,0,0,1,1,0,0,28,0,0,0
15.85,29,29,0,0,0,1,1,0,0,28,0,0,0
15.33,29,29,0,0,0,1,1,0,0,28,0,0,0
13.75,29,29,0,0,0,1,1,0,0,28,0,0,0
11.97,29,29,0,0,0,1,1,0,0,28,0,0,0
13.20,29,29,0,0,0,1,1,0,0,28,0,0,0
13.33,29,29,0,0,0,1,1,0,0,28,0,0,0
11.86,29,29,0,0,0,1,1,0,0,28,0,0,0
14.22,29,29,0,0,0,1,1,0,0,28,0,0,0
12.11,29,29,0,0,0,1,1,0,0,28,0,0,0
12.63,29,29,0,0,0,1,1,0,0,28,0,0,0
12.47,29,29,0,0,0,1,1,0,0,28,0,0,0
12.83,29,29,0,0,0,1,1,0,0,28,0,0,0
13.04,30,29,0,0,0,1,1,0,0,29,1,0,0
12.58,29,29,0,0,0,1,1,0,0,28,0,0,0
11.89,29,29,0,0,0,1,1,0,0,28,0,0,0
15.56,29,29,0,0,0,1,1,0,0,28,0,0,0
12.31,29,29,0,0,0,1,1,0,0,28,0,0,0
12.67,29,29,0,0,0,1,1,0,0,28,0,0,0
11.68,29,29,0,0,0,1,1,0,0,28,0,0,0
11.12,29,29,0,0,0,1,1,0,0,28,0,0,0
10.00,29,29,0,0,0,1,1,0,0,28,0,0,0
15.26,29,29,0,0,0,1,1,0,0,28,0,0,0
14.86,29,29,0,0,0,1,1,0,0,28,0,0,0
12.85,29,29,0,0,0,1,1,0,0,28,0,0,0
12.48,29,29,0,0,0,1,1,0,0,28,0,0,0
12.14,29,29,0,0,0,1,1,0,0,28,0,0,0
18.00,29,29,0,0,0,1,1,0,0,28,0,0,0
12.10,29,29,0,0,0,1,1,0,0,28,0,0,0
12.09,29,29,0,0,0,1,1,0,0,28,0,0,0
12.84,29,29,0,0,0,1,1,0,0,28,0,0,0
12.91,29,29,0,0,0,1,1,0,0,28,0,0,0
14.41,29,29,0,0,0,1,1,0,0,28,0,0,0
13.27,29,29,0,0,0,1,1,0,0,28,0,0,0
19.62,29,29,0,0,0,1,1,0,0,28,0,0,0
12.08,29,29,0,0,0,1,1,0,0,28,0,0,0
10.76,29,29,0,0,0,1,1,0,0,28,0,0,0
13.97,29,29,0,0,0,1,1,0,0,28,0,0,0
14.94,29,29,0,0,0,1,1,0,0,28,0,0,0
12.10,29,29,0,0,0,1,1,0,0,28,0,0,0
11.16,29,29,0,0,0,1,1,0,0,28,0,0,0
11.90,29,29,0,0,0,1,1,0,0,28,0,0,0
17.17,29,29,0,0,0,1,1,0,0,28,0,0,0
15.60,29,29,0,0,0,1,1,0,0,28,0,0,0
15.76,29,29,0,0,0,1,1,0,0,28,0,0,0
17.03,29,29,0,0,0,1,1,0,0,28,0,0,0
11.51,29,29,0,0,0,1,1,0,0,28,0,0,0
12.83,29,29,0,0,0,1,1,0,0,28,0,0,0
12.68,29,29,0,0,0,1,1,0,0,28,0,0,0
16.57,29,29,0,0,0,1,1,0,0,28,0,0,0
13.75,29,29,0,0,0,1,1,0,0,28,0,0,0
11.99,29,29,0,0,0,1,1,0,0,28,0,0,0
11.55,29,29,0,0,0,1,1,0,0,28,0,0,0
16.20,29,29,0,0,0,1,1,0,0,28,0,0,0
14.68,29,29,0,0,0,1,1,0,0,28,0,0,0
15.26,29,29,0,0,0,1,1,0,0,28,0,0,0
11.22,29,29,0,0,0,1,1,0,0,28,0,0,0
12.70,29,29,0,0,0,1,1,0,0,28,0,0,0
16.21,29,29,0,0,0,1,1,0,0,28,0,0,0
12.85,29,29,0,0,0,1,1,0,0,28,0,0,0
9.89,29,29,0,0,0,1,1,0,0,28,0,0,0
9.74,29,29,0,0,0,1,1,0,0,28,0,0,0
10.24,29,29,0,0,0,1,1,0,0,28,0,0,0
11.29,29,29,0,0,0,1,1,0,0,28,0,0,0
11.75,29,29,0,0,0,1,1,0,0,28,0,0,0
12.57,29,29,0,0,0,1,1,0,0,28,0,0,0
12.06,29,29,0,0,0,1,1,0,0,28,0,0,0
10.44,29,29,0,0,0,1,1,0,0,28,1,0,0
10.79,29,29,0,0,0,1,1,0,0,28,0,0,0
13.43,29,29,0,0,0,1,1,0,0,28,0,0,0
18.88,29,29,0,0,0,1,1,0,0,28,0,0,0
16.21,29,29,0,0,0,1,1,0,0,28,0,0,0
9.89,29,29,0,0,0,1,1,0,0,28,0,0,0
10.50,29,29,0,0,0,1,1,0,0,28,0,0,0
12.19,29,29,0,0,0,1,1,0,0,28,0,0,0
12.06,29,29,0,0,0,1,1,0,0,28,0,0,0
10.25,29,29,0,0,0,1,1,0,0,28,0,0,0
13.86,29,29,0,0,0,1,1,0,0,28,0,0,0
12.62,29,29,0,0,0,1,1,0,0,28,0,0,0
12.51,29,29,0,0,0,1,1,0,0,28,0,0,0
11.49,29,29,0,0,0,1,1,0,0,28,0,0,0
10.53,29,29,0,0,0,1,1,0,0,28,0,0,0
10.63,29,29,0,0,0,1,1,0,0,28,0,0,0
15.78,29,29,0,0,0,1,1,0,0,28,0,0,0
11.47,29,29,0,0,0,1,1,0,0,28,0,0,0
16.11,29,29,0,0,0,1,1,0,0,28,0,0,0
11.52,29,29,0,0,0,1,1,0,0,28,0,0,0
10.87,29,29,0,0,0,1,1,0,0,28,0,0,0
12.33,29,29,0,0,0,1,1,0,0,28,0,0,0
11.05,29,29,0,0,0,1,1,0,0,28,0,0,0
13.39,29,29,0,0,0,1,1,0,0,28,0,0,0
12.65,30,29,0,0,0,1,1,0,0,29,1,0,0
10.75,29,29,0,0,0,1,1,0,0,28,0,0,0
12.59,29,29,0,0,0,1,1,0,0,28,0,0,0
12.81,29,29,0,0,0,1,1,0,0,28,0,0,0
12.00,29,29,0,0,0,1,1,0,0,28,0,0,0
12.50,29,29,0,0,0,1,1,0,0,28,0,0,0
12.27,29,29,0,0,0,1,1,0,0,28,0,0,0
10.98,29,29,0,0,0,1,1,0,0,28,0,0,0
10.77,29,29,0,0,0,1,1,0,0,28,0,0,0
10.69,29,29,0,0,0,1,1,0,0,28,0,0,0
9.15,29,29,0,0,0,1,1,0,0,28,0,0,0
11.15,29,29,0,0,0,1,1,0,0,28,0,0,0
13.41,29,29,0,0,0,1,1,0,0,28,0,0,0
14.28,29,29,0,0,0,1,1,0,0,28,0,0,0
13.26,29,29,0,0,0,1,1,0,0,28,0,0,0
10.26,29,29,0,0,0,1,1,0,0,28,0,0,0
13.75,29,29,0,0,0,1,1,0,0,28,0,0,0
11.94,29,29,0,0,0,1,1,0,0,28,0,0,0
11.86,29,29,0,0,0,1,1,0,0,28,0,0,0
14.20,29,29,0,0,0,1,1,0,0,28,0,0,0
15.62,29,29,0,0,0,1,1,0,0,28,0,0,0
17.90,29,29,0,0,0,1,1,0,0,28,0,0,0
16.16,29,29,0,0,0,1,1,0,0,28,0,0,0
18.54,29,29,0,0,0,1,1,0,0,28,0,0,0
12.75,29,29,0,0,0,1,1,0,0,28,0,0,0
10.58,29,29,0,0,0,1,1,0,0,28,0,0,0
12.61,29,29,0,0,0,1,1,0,0,28,0,0,0
13.37,29,29,0,0,0,1,1,0,0,28,0,0,0
12.82,29,29,0,0,0,1,1,0,0,28,0,0,0
10.75,30,29,0,0,0,1,1,0,0,29,1,0,0
14.42,29,29,0,0,0,1,1,0,0,28,0,0,0
11.50,29,29,0,0,0,1,1,0,0,28,0,0,0
11.78,29,29,0,0,0,1,1,0,0,28,0,0,0
13.28,29,29,0,0,0,1,1,0,0,28,0,0,0
13.58,29,29,0,0,0,1,1,0,0,28,0,0,0
12.41,29,29,0,0,0,1,1,0,0,28,0,0,0
13.30,29,29,0,0,0,1,1,0,0,28,0,0,0
13.95,29,29,0,0,0,1,1,0,0,28,0,0,0
17.44,29,29,0,0,0,1,1,0,0,28,0,0,0
13.78,29,29,0,0,0,1,1,0,0,28,0,0,0
14.08,29,29,0,0,0,1,1,0,0,28,0,0,0
11.59,29,29,0,0,0,1,1,0,0,28,0,0,0
12.75,29,29,0,0,0,1,1,0,0,28,0,0,0
11.67,29,29,0,0,0,1,1,0,0,28,0,0,0
11.67,29,29,0,0,0,1,1,0,0,28,0,0,0
11.65,29,29,0,0,0,1,1,0,0,28,0,0,0
13.66,29,29,0,0,0,1,1,0,0,28,0,0,0
11.03,29,29,0,0,0,1,1,0,0,28,0,0,0
16.75,29,29,0,0,0,1,1,0,0,28,0,0,0
12.66,29,29,0,0,0,1,1,0,0,28,0,0,0
13.20,29,29,0,0,0,1,1,0,0,28,0,0,0
11.83,29,29,0,0,0,1,1,0,0,28,0,0,0
12.07,29,29,0,0,0,1,1,0,0,28,0,0,0
12.43,29,29,0,0,0,1,1,0,0,28,0,0,0
11.64,29,29,0,0,0,1,1,0,0,28,0,0,0
11.60,29,29,0,0,0,1,1,0,0,28,0,0,0
13.09,29,29,0,0,0,1,1,0,0,28,0,0,0
11.99,29,29,0,0,0,1,1,0,0,28,0,0,0
11.88,29,29,0,0,0,1,1,0,0,28,0,0,0
13.46,29,29,0,0,0,1,1,0,0,28,0,0,0
12.06,29,29,0,0,0,1,1,0,0,28,0,0,0
10.62,29,29,0,0,0,1,1,0,0,28,0,0,0
12.51,29,29,0,0,0,1,1,0,0,28,0,0,0
21.07,29,29,0,0,0,1,1,0,0,28,0,0,0
22.42,29,29,0,0,0,1,1,0,0,28,0,0,0
15.79,29,29,0,0,0,1,1,0,0,28,0,0,0
12.66,29,29,0,0,0,1,1,0,0,28,0,0,0
11.49,29,29,0,0,0,1,1,0,0,28,0,0,0
12.88,29,29,0,0,0,1,1,0,0,28,0,0,0
15.36,29,29,0,0,0,1,1,0,0,28,0,0,0
15.37,29,29,0,0,0,1,1,0,0,28,0,0,0
11.71,29,29,0,0,0,1,1,0,0,28,0,0,0
10.85,29,29,0,0,0,1,1,0,0,28,0,0,0
20.16,29,29,0,0,0,1,1,0,0,28,0,0,0
11.09,29,29,0,0,0,1,1,0,0,28,0,0,0
15.30,29,29,0,0,0,1,1,0,0,28,0,0,0
13.23,29,29,0,0,0,1,1,0,0,28,0,0,0
13.47,29,29,0,0,0,1,1,0,0,28,0,0,0
15.68,29,29,0,0,0,1,1,0,0,28,0,0,0
15.82,29,29,0,0,0,1,1,0,0,28,0,0,0
15.15,29,29,0,0,0,1,1,0,0,28,0,0,0
13.58,29,29,0,0,0,1,1,0,0,28,0,0,0
16.91,29,29,0,0,0,1,1,0,0,28,0,0,0
14.47,29,29,0,0,0,1,1,0,0,28,0,0,0
12.33,29,29,0,0,0,1,1,0,0,28,0,0,0
12.72,29,29,0,0,0,1,1,0,0,28,0,0,0
14.66,29,29,0,0,0,1,1,0,0,28,0,0,0
46.70,29,29,0,0,0,1,1,0,0,28,0,0,0
17.25,29,29,0,0,0,1,1,0,0,28,0,0,0
17.41,29,29,0,0,0,1,1,0,0,28,0,0,0
12.27,29,29,0,0,0,1,1,0,0,28,0,0,0
12.29,29,29,0,0,0,1,1,0,0,28,0,0,0
11.57,29,29,0,0,0,1,1,0,0,28,0,0,0
15.67,29,29,0,0,0,1,1,0,0,28,0,0,0
13.43,29,29,0,0,0,1,1,0,0,28,0,0,0
14.60,29,29,0,0,0,1,1,0,0,28,0,0,0
13.50,29,29,0,0,0,1,1,0,0,28,0,0,0
13.90,29,29,0,0,0,1,1,0,0,28,0,0,0
12.13,29,29,0,0,0,1,1,0,0,28,0,0,0
12.39,29,29,0,0,0,1,1,0,0,28,0,0,0
12.93,29,29,0,0,0,1,1,0,0,28,0,0,0
15.57,29,29,0,0,0,1,1,0,0,28,0,0,0
12.88,29,29,0,0,0,1,1,0,0,28,0,0,0
11.28,29,29,0,0,0,1,1,0,0,28,0,0,0
14.04,29,29,0,0,0,1,1,0,0,28,0,0,0
14.80,29,29,0,0,0,1,1,0,0,28,0,0,0
13.64,29,29,0,0,0,1,1,0,0,28,1,0,0
12.74,29,29,0,0,0,1,1,0,0,28,0,0,0
14.47,29,29,0,0,0,1,1,0,0,28,0,0,0
11.15,29,29,0,0,0,1,1,0,0,28,0,0,0
12.38,29,29,0,0,0,1,1,0,0,28,0,0,0
16.13,29,29,0,0,0,1,1,0,0,28,0,0,0
13.87,29,29,0,0,0,1,1,0,0,28,0,0,0
12.59,29,29,0,0,0,1,1,0,0,28,0,0,0
10.60,29,29,0,0,0,1,1,0,0,28,0,0,0
12.38,29,29,0,0,0,1,1,0,0,28,0,0,0
12.32,29,29,0,0,0,1,1,0,0,28,0,0,0
12.86,29,29,0,0,0,1,1,0,0,28,0,0,0
16.30,29,29,0,0,0,1,1,0,0,28,0,0,0
12.10,29,29,0,0,0,1,1,0,0,28,0,0,0
13.63,30,29,0,0,0,1,1,0,0,29,1,0,0
12.59,29,29,0,0,0,1,1,0,0,28,0,0,0
11.28,29,29,0,0,0,1,1,0,0,28,0,0,0
10.79,29,29,0,0,0,1,1,0,0,28,0,0,0
12.27,29,29,0,0,0,1,1,0,0,28,0,0,0
10.48,29,29,0,0,0,1,1,0,0,28,0,0,0
14.60,29,29,0,0,0,1,1,0,0,28,0,0,0
13.48,30,29,0,0,0,1,1,0,0,29,1,0,0
13.12,29,29,0,0,0,1,1,0,0,28,0,0,0
12.33,29,29,0,0,0,1,1,0,0,28,0,0,0
11.71,29,29,0,0,0,1,1,0,0,28,0,0,0
11.39,29,29,0,0,0,1,1,0,0,28,0,0,0
14.36,29,29,0,0,0,1,1,0,0,28,0,0,0
12.88,29,29,0,0,0,1,1,0,0,28,0,0,0
13.05,30,29,0,0,0,1,1,0,0,29,1,0,0
15.65,29,29,0,0,0,1,1,0,0,28,0,0,0
22.24,29,29,0,0,0,1,1,0,0,28,0,0,0
60.59,29,29,0,0,0,1,1,0,0,28,0,0,0
13.32,29,29,0,0,0,1,1,0,0,28,0,0,0
11.53,29,29,0,0,0,1,1,0,0,28,0,0,0
12.31,29,29,0,0,0,1,1,0,0,28,0,0,0
13.21,29,29,0,0,0,1,1,0,0,28,1,0,0
12.00,29,29,0,0,0,1,1,0,0,28,0,0,0
14.61,29,29,0,0,0,1,1,0,0,28,0,0,0
12.70,29,29,0,0,0,1,1,0,0,28,0,0,0
11.07,29,29,0,0,0,1,1,0,0,28,0,0,0
12.39,29,29,0,0,0,1,1,0,0,28,0,0,0
11.67,29,29,0,0,0,1,1,0,0,28,0,0,0
11.57,29,29,0,0,0,1,1,0,0,28,0,0,0
13.61,29,29,0,0,0,1,1,0,0,28,0,0,0
10.55,29,29,0,0,0,1,1,0,0,28,0,0,0
10.71,29,29,0,0,0,1,1,0,0,28,0,0,0
11.65,29,29,0,0,0,1,1,0,0,28,0,0,0
12.45,29,29,0,0,0,1,1,0,0,28,0,0,0
11.75,29,29,0,0,0,1,1,0,0,28,0,0,0
12.01,29,29,0,0,0,1,1,0,0,28,0,0,0
15.91,29,29,0,0,0,1,1,0,0,28,0,0,0
17.09,29,29,0,0,0,1,1,0,0,28,1,0,0
17.30,29,29,0,0,0,1,1,0,0,28,0,0,0
17.10,29,29,0,0,0,1,1,0,0,28,0,0,0
14.90,29,29,0,0,0,1,1,0,0,28,0,0,0
13.58,29,29,0,0,0,1,1,0,0,28,0,0,0
11.90,29,29,0,0,0,1,1,0,0,28,0,0,0
12.81,29,29,0,0,0,1,1,0,0,28,0,0,0
15.45,29,29,0,0,0,1,1,0,0,28,0,0,0
11.11,29,29,0,0,0,1,1,0,0,28,0,0,0
16.25,29,29,0,0,0,1,1,0,0,28,0,0,0
16.96,29,29,0,0,0,1,1,0,0,28,0,0,0
18.15,29,29,0,0,0,1,1,0,0,28,0,0,0
20.31,29,29,0,0,0,1,1,0,0,28,0,0,0
20.89,29,29,0,0,0,1,1,0,0,28,0,0,0
21.18,29,29,0,0,0,1,1,0,0,28,0,0,0
22.37,29,29,0,0,0,1,1,0,0,28,0,0,0
19.76,29,29,0,0,0,1,1,0,0,28,0,0,0
15.06,29,29,0,0,0,1,1,0,0,28,0,0,0
16.40,29,29,0,0,0,1,1,0,0,28,0,0,0
16.07,29,29,0,0,0,1,1,0,0,28,0,0,0
19.37,29,29,0,0,0,1,1,0,0,28,0,0,0
15.56,29,29,0,0,0,1,1,0,0,28,0,0,0
19.06,29,29,0,0,0,1,1,0,0,28,0,0,0
17.33,29,29,0,0,0,1,1,0,0,28,0,0,0
14.28,29,29,0,0,0,1,1,0,0,28,0,0,0
15.11,29,29,0,0,0,1,1,0,0,28,0,0,0
15.00,29,29,0,0,0,1,1,0,0,28,0,0,0
15.51,29,29,0,0,0,1,1,0,0,28,0,0,0
19.34,29,29,0,0,0,1,1,0,0,28,0,0,0
41.76,29,29,0,0,0,1,1,0,0,28,0,0,0
14.31,30,29,0,0,0,1,1,0,0,29,1,0,0
20.65,29,29,0,0,0,1,1,0,0,28,0,0,0
19.44,29,29,0,0,0,1,1,0,0,28,0,0,0
18.17,29,29,0,0,0,1,1,0,0,28,0,0,0
19.49,29,29,0,0,0,1,1,0,0,28,0,0,0
21.76,29,29,0,0,0,1,1,0,0,28,0,0,0
24.61,29,29,0,0,0,1,1,0,0,28,0,0,0
25.35,29,29,0,0,0,1,1,0,0,28,1,0,0
25.12,29,29,0,0,0,1,1,0,0,28,0,0,0
21.18,29,29,0,0,0,1,1,0,0,28,0,0,0
17.83,29,29,0,0,0,1,1,0,0,28,0,0,0
18.35,29,29,0,0,0,1,1,0,0,28,0,0,0
17.54,29,29,0,0,0,1,1,0,0,28,0,0,0
13.21,29,29,0,0,0,1,1,0,0,28,0,0,0
16.28,29,29,0,0,0,1,1,0,0,28,0,0,0
36.58,29,29,0,0,0,1,1,0,0,28,0,0,0
11.12,29,29,0,0,0,1,1,0,0,28,0,0,0
16.88,29,29,0,0,0,1,1,0,0,28,0,0,0
16.20,29,29,0,0,0,1,1,0,0,28,0,0,0
13.39,29,29,0,0,0,1,1,0,0,28,0,0,0
14.99,29,29,0,0,0,1,1,0,0,28,0,0,0
15.40,29,29,0,0,0,1,1,0,0,28,0,0,0
22.84,29,29,0,0,0,1,1,0,0,28,0,0,0
15.87,29,29,0,0,0,1,1,0,0,28,0,0,0
15.06,29,29,0,0,0,1,1,0,0,28,0,0,0
16.43,29,29,0,0,0,1,1,0,0,28,0,0,0
16.07,29,29,0,0,0,1,1,0,0,28,0,0,0
21.60,29,29,0,0,0,1,1,0,0,28,0,0,0
13.96,29,29,0,0,0,1,1,0,0,28,0,0,0
17.53,29,29,0,0,0,1,1,0,0,28,0,0,0
18.02,29,29,0,0,0,1,1,0,0,28,0,0,0
16.15,29,29,0,0,0,1,1,0,0,28,0,0,0
20.71,29,29,0,0,0,1,1,0,0,28,0,0,0
22.14,29,29,0,0,0,1,1,0,0,28,0,0,0
17.93,29,29,0,0,0,1,1,0,0,28,0,0,0
20.88,30,29,0,0,0,1,1,0,0,29,1,0,0
17.71,29,29,0,0,0,1,1,0,0,28,0,0,0
15.36,29,29,0,0,0,1,1,0,0,28,0,0,0
18.05,29,29,0,0,0,1,1,0,0,28,0,0,0
19.14,29,29,0,0,0,1,1,0,0,28,0,0,0
17.09,29,29,0,0,0,1,1,0,0,28,0,0,0
18.16,29,29,0,0,0,1,1,0,0,28,0,0,0
14.82,29,29,0,0,0,1,1,0,0,28,0,0,0
12.65,29,29,0,0,0,1,1,0,0,28,0,0,0
11.93,29,29,0,0,0,1,1,0,0,28,0,0,0
13.93,29,29,0,0,0,1,1,0,0,28,0,0,0
15.40,29,29,0,0,0,1,1,0,0,28,0,0,0
40.10,29,29,0,0,0,1,1,0,0,28,0,0,0
15.20,29,29,0,0,0,1,1,0,0,28,0,0,0
15.04,29,29,0,0,0,1,1,0,0,28,0,0,0
14.08,29,29,0,0,0,1,1,0,0,28,0,0,0
20.59,29,29,0,0,0,1,1,0,0,28,0,0,0
21.72,29,29,0,0,0,1,1,0,0,28,0,0,0
15.89,29,29,0,0,0,1,1,0,0,28,0,0,0
13.09,29,29,0,0,0,1,1,0,0,28,0,0,0
12.93,29,29,0,0,0,1,1,0,0,28,0,0,0
13.03,29,29,0,0,0,1,1,0,0,28,0,0,0
15.63,29,29,0,0,0,1,1,0,0,28,0,0,0
21.53,29,29,0,0,0,1,1,0,0,28,0,0,0
20.84,30,29,0,0,0,1,1,0,0,29,1,0,0
30.81,29,29,0,0,0,1,1,0,0,28,0,0,0
16.40,29,29,0,0,0,1,1,0,0,28,0,0,0
14.86,29,29,0,0,0,1,1,0,0,28,0,0,0
11.83,29,29,0,0,0,1,1,0,0,28,0,0,0
13.01,29,29,0,0,0,1,1,0,0,28,0,0,0
14.76,29,29,0,0,0,1,1,0,0,28,0,0,0
14.22,29,29,0,0,0,1,1,0,0,28,0,0,0
20.00,29,29,0,0,0,1,1,0,0,28,1,0,0
33.75,29,29,0,0,0,1,1,0,0,28,0,0,0
11.95,29,29,0,0,0,1,1,0,0,28,0,0,0
14.90,29,29,0,0,0,1,1,0,0,28,0,0,0
10.03,29,29,0,0,0,1,1,0,0,28,0,0,0
9.94,29,29,0,0,0,1,1,0,0,28,0,0,0
11.31,29,29,0,0,0,1,1,0,0,28,0,0,0
12.93,29,29,0,0,0,1,1,0,0,28,0,0,0
10.94,29,29,0,0,0,1,1,0,0,28,0,0,0
9.84,29,29,0,0,0,1,1,0,0,28,0,0,0
9.66,29,29,0,0,0,1,1,0,0,28,0,0,0
9.61,29,29,0,0,0,1,1,0,0,28,0,0,0
12.08,29,29,0,0,0,1,1,0,0,28,0,0,0
13.62,30,29,0,0,0,1,1,0,0,29,1,0,0
15.50,29,29,0,0,0,1,1,0,0,28,0,0,0
12.06,29,29,0,0,0,1,1,0,0,28,0,0,0
11.62,29,29,0,0,0,1,1,0,0,28,0,0,0
12.92,29,29,0,0,0,1,1,0,0,28,0,0,0
13.68,29,29,0,0,0,1,1,0,0,28,0,0,0
12.71,29,29,0,0,0,1,1,0,0,28,0,0,0
11.25,29,29,0,0,0,1,1,0,0,28,0,0,0
9.64,29,29,0,0,0,1,1,0,0,28,1,0,0
10.57,29,29,0,0,0,1,1,0,0,28,0,0,0
13.46,29,29,0,0,0,1,1,0,0,28,0,0,0
11.63,29,29,0,0,0,1,1,0,0,28,0,0,0
13.25,29,29,0,0,0,1,1,0,0,28,0,0,0
10.80,29,29,0,0,0,1,1,0,0,28,0,0,0
10.08,29,29,0,0,0,1,1,0,0,28,0,0,0
10.57,29,29,0,0,0,1,1,0,0,28,0,0,0
10.83,29,29,0,0,0,1,1,0,0,28,0,0,0
10.71,29,29,0,0,0,1,1,0,0,28,0,0,0
11.90,29,29,0,0,0,1,1,0,0,28,0,0,0
14.68,29,29,0,0,0,1,1,0,0,28,0,0,0
13.08,29,29,0,0,0,1,1,0,0,28,0,0,0
12.72,30,29,0,0,0,1,1,0,0,29,1,0,0
14.19,29,29,0,0,0,1,1,0,0,28,0,0,0
13.85,29,29,0,0,0,1,1,0,0,28,0,0,0
11.82,29,29,0,0,0,1,1,0,0,28,0,0,0
12.18,29,29,0,0,0,1,1,0,0,28,0,0,0
13.28,29,29,0,0,0,1,1,0,0,28,0,0,0
12.95,29,29,0,0,0,1,1,0,0,28,0,0,0
14.79,29,29,0,0,0,1,1,0,0,28,0,0,0
11.95,29,29,0,0,0,1,1,0,0,28,0,0,0
10.56,29,29,0,0,0,1,1,0,0,28,0,0,0
11.07,29,29,0,0,0,1,1,0,0,28,0,0,0
8.69,29,29,0,0,0,1,1,0,0,28,0,0,0
9.70,29,29,0,0,0,1,1,0,0,28,0,0,0
10.73,29,29,0,0,0,1,1,0,0,28,0,0,0
11.12,29,29,0,0,0,1,1,0,0,28,0,0,0
10.38,29,29,0,0,0,1,1,0,0,28,0,0,0
13.10,29,29,0,0,0,1,1,0,0,28,0,0,0
10.60,29,29,0,0,0,1,1,0,0,28,0,0,0
11.14,29,29,0,0,0,1,1,0,0,28,0,0,0
15.88,29,29,0,0,0,1,1,0,0,28,0,0,0
11.22,29,29,0,0,0,1,1,0,0,28,0,0,0
9.98,29,29,0,0,0,1,1,0,0,28,0,0,0
10.04,29,29,0,0,0,1,1,0,0,28,0,0,0
10.42,29,29,0,0,0,1,1,0,0,28,0,0,0
10.52,29,29,0,0,0,1,1,0,0,28,0,0,0
10.89,29,29,0,0,0,1,1,0,0,28,0,0,0
11.50,29,29,0,0,0,1,1,0,0,28,0,0,0
12.39,29,29,0,0,0,1,1,0,0,28,0,0,0
11.59,29,29,0,0,0,1,1,0,0,28,0,0,0
9.37,29,29,0,0,0,1,1,0,0,28,0,0,0
12.43,29,29,0,0,0,1,1,0,0,28,0,0,0
12.44,29,29,0,0,0,1,1,0,0,28,0,0,0
11.32,29,29,0,0,0,1,1,0,0,28,0,0,0
11.39,29,29,0,0,0,1,1,0,0,28,0,0,0
10.30,29,29,0,0,0,1,1,0,0,28,0,0,0
11.12,29,29,0,0,0,1,1,0,0,28,0,0,0
12.88,29,29,0,0,0,1,1,0,0,28,0,0,0
12.81,29,29,0,0,0,1,1,0,0,28,0,0,0
14.48,29,29,0,0,0,1,1,0,0,28,0,0,0
18.83,29,29,0,0,0,1,1,0,0,28,0,0,0
10.27,29,29,0,0,0,1,1,0,0,28,0,0,0
10.01,29,29,0,0,0,1,1,0,0,28,1,0,0
11.70,29,29,0,0,0,1,1,0,0,28,0,0,0
11.77,29,29,0,0,0,1,1,0,0,28,0,0,0
13.94,29,29,0,0,0,1,1,0,0,28,0,0,0
10.49,29,29,0,0,0,1,1,0,0,28,0,0,0
11.00,30,29,0,0,0,1,1,0,0,29,1,0,0
10.34,29,29,0,0,0,1,1,0,0,28,0,0,0
11.14,29,29,0,0,0,1,1,0,0,28,0,0,0
15.28,29,29,0,0,0,1,1,0,0,28,0,0,0
12.29,29,29,0,0,0,1,1,0,0,28,0,0,0
11.22,29,29,0,0,0,1,1,0,0,28,0,0,0
9.41,29,29,0,0,0,1,1,0,0,28,0,0,0
10.23,29,29,0,0,0,1,1,0,0,28,0,0,0
13.07,29,29,0,0,0,1,1,0,0,28,0,0,0
16.47,29,29,0,0,0,1,1,0,0,28,0,0,0
12.73,29,29,0,0,0,1,1,0,0,28,0,0,0
10.56,29,29,0,0,0,1,1,0,0,28,0,0,0
10.32,29,29,0,0,0,1,1,0,0,28,0,0,0
13.32,29,29,0,0,0,1,1,0,0,28,0,0,0
13.75,29,29,0,0,0,1,1,0,0,28,0,0,0
12.30,29,29,0,0,0,1,1,0,0,28,0,0,0
11.54,29,29,0,0,0,1,1,0,0,28,0,0,0
13.25,29,29,0,0,0,1,1,0,0,28,0,0,0
12.01,29,29,0,0,0,1,1,0,0,28,0,0,0
18.66,29,29,0,0,0,1,1,0,0,28,0,0,0
12.05,29,29,0,0,0,1,1,0,0,28,0,0,0
10.74,29,29,0,0,0,1,1,0,0,28,0,0,0
10.91,29,29,0,0,0,1,1,0,0,28,0,0,0
9.23,30,29,0,0,0,1,1,0,0,29,1,0,0
9.18,29,29,0,0,0,1,1,0,0,28,0,0,0
10.50,29,29,0,0,0,1,1,0,0,28,0,0,0
10.82,29,29,0,0,0,1,1,0,0,28,0,0,0
12.97,29,29,0,0,0,1,1,0,0,28,0,0,0
13.56,29,29,0,0,0,1,1,0,0,28,0,0,0
13.12,29,29,0,0,0,1,1,0,0,28,0,0,0
14.21,29,29,0,0,0,1,1,0,0,28,0,0,0
13.78,29,29,0,0,0,1,1,0,0,28,0,0,0
11.06,29,29,0,0,0,1,1,0,0,28,0,0,0
12.87,29,29,0,0,0,1,1,0,0,28,0,0,0
12.70,29,29,0,0,0,1,1,0,0,28,0,0,0
11.93,29,29,0,0,0,1,1,0,0,28,0,0,0
14.10,29,29,0,0,0,1,1,0,0,28,0,0,0
10.91,29,29,0,0,0,1,1,0,0,28,0,0,0
12.68,29,29,0,0,0,1,1,0,0,28,0,0,0
11.65,29,29,0,0,0,1,1,0,0,28,0,0,0
32.75,29,29,0,0,0,1,1,0,0,28,0,0,0
12.29,29,29,0,0,0,1,1,0,0,28,0,0,0
12.84,29,29,0,0,0,1,1,0,0,28,0,0,0
10.97,29,29,0,0,0,1,1,0,0,28,0,0,0
11.95,29,29,0,0,0,1,1,0,0,28,0,0,0
10.96,29,29,0,0,0,1,1,0,0,28,0,0,0
11.86,29,29,0,0,0,1,1,0,0,28,0,0,0
13.25,29,29,0,0,0,1,1,0,0,28,0,0,0
13.79,29,29,0,0,0,1,1,0,0,28,0,0,0
9.56,29,29,0,0,0,1,1,0,0,28,0,0,0
10.38,29,29,0,0,0,1,1,0,0,28,0,0,0
11.83,29,29,0,0,0,1,1,0,0,28,0,0,0
11.37,29,29,0,0,0,1,1,0,0,28,0,0,0
17.12,29,29,0,0,0,1,1,0,0,28,0,0,0
13.43,29,29,0,0,0,1,1,0,0,28,0,0,0
13.33,29,29,0,0,0,1,1,0,0,28,0,0,0
10.90,29,29,0,0,0,1,1,0,0,28,0,0,0
10.34,29,29,0,0,0,1,1,0,0,28,0,0,0
10.66,29,29,0,0,0,1,1,0,0,28,0,0,0
14.42,29,29,0,0,0,1,1,0,0,28,0,0,0
12.66,29,29,0,0,0,1,1,0,0,28,1,0,0
13.76,29,29,0,0,0,1,1,0,0,28,0,0,0
16.94,29,29,0,0,0,1,1,0,0,28,0,0,0
24.42,29,29,0,0,0,1,1,0,0,28,0,0,0
24.28,29,29,0,0,0,1,1,0,0,28,0,0,0
23.69,29,29,0,0,0,1,1,0,0,28,1,0,0
21.97,29,29,0,0,0,1,1,0,0,28,0,0,0
25.92,29,29,0,0,0,1,1,0,0,28,0,0,0
20.77,29,29,0,0,0,1,1,0,0,28,0,0,0
18.99,29,29,0,0,0,1,1,0,0,28,0,0,0
17.37,29,29,0,0,0,1,1,0,0,28,0,0,0
17.37,29,29,0,0,0,1,1,0,0,28,0,0,0
16.96,29,29,0,0,0,1,1,0,0,28,0,0,0
19.60,29,29,0,0,0,1,1,0,0,28,0,0,0
27.74,29,29,0,0,0,1,1,0,0,28,0,0,0
15.61,29,29,0,0,0,1,1,0,0,28,0,0,0
18.00,29,29,0,0,0,1,1,0,0,28,0,0,0
16.67,29,29,0,0,0,1,1,0,0,28,0,0,0
15.35,29,29,0,0,0,1,1,0,0,28,0,0,0
20.07,29,29,0,0,0,1,1,0,0,28,0,0,0
18.48,29,29,0,0,0,1,1,0,0,28,0,0,0
16.35,29,29,0,0,0,1,1,0,0,28,0,0,0
16.28,29,29,0,0,0,1,1,0,0,28,0,0,0
16.43,29,29,0,0,0,1,1,0,0,28,0,0,0
20.06,29,29,0,0,0,1,1,0,0,28,0,0,0
27.31,29,29,0,0,0,1,1,0,0,28,0,0,0
20.96,29,29,0,0,0,1,1,0,0,28,1,0,0
17.97,29,29,0,0,0,1,1,0,0,28,0,0,0
19.85,29,29,0,0,0,1,1,0,0,28,0,0,0
20.37,29,29,0,0,0,1,1,0,0,28,0,0,0
23.70,29,29,0,0,0,1,1,0,0,28,0,0,0
26.65,29,29,0,0,0,1,1,0,0,28,0,0,0
25.88,29,29,0,0,0,1,1,0,0,28,0,0,0
24.03,29,29,0,0,0,1,1,0,0,28,0,0,0
24.03,29,29,0,0,0,1,1,0,0,28,0,0,0
22.26,29,29,0,0,0,1,1,0,0,28,0,0,0
18.44,29,29,0,0,0,1,1,0,0,28,0,0,0
18.14,29,29,0,0,0,1,1,0,0,28,0,0,0
21.05,29,29,0,0,0,1,1,0,0,28,0,0,0
18.32,29,29,0,0,0,1,1,0,0,28,0,0,0
19.95,29,29,0,0,0,1,1,0,0,28,0,0,0
17.07,29,29,0,0,0,1,1,0,0,28,0,0,0
17.33,29,29,0,0,0,1,1,0,0,28,0,0,0
14.55,29,29,0,0,0,1,1,0,0,28,0,0,0
18.73,30,29,0,0,0,1,1,0,0,29,1,0,0
16.43,29,29,0,0,0,1,1,0,0,28,0,0,0
17.59,29,29,0,0,0,1,1,0,0,28,0,0,0
23.47,29,29,0,0,0,1,1,0,0,28,0,0,0
18.26,29,29,0,0,0,1,1,0,0,28,0,0,0
15.28,29,29,0,0,0,1,1,0,0,28,0,0,0
17.20,29,29,0,0,0,1,1,0,0,28,0,0,0
16.38,29,29,0,0,0,1,1,0,0,28,0,0,0
22.39,29,29,0,0,0,1,1,0,0,28,0,0,0
43.33,29,29,0,0,0,1,1,0,0,28,0,0,0
17.76,29,29,0,0,0,1,1,0,0,28,0,0,0
16.22,29,29,0,0,0,1,1,0,0,28,0,0,0
16.42,29,29,0,0,0,1,1,0,0,28,0,0,0
16.56,30,29,0,0,0,1,1,0,0,29,1,0,0
20.13,29,29,0,0,0,1,1,0,0,28,0,0,0
63.74,29,29,0,0,0,1,1,0,0,28,0,0,0
20.12,29,29,0,0,0,1,1,0,0,28,0,0,0
21.33,29,29,0,0,0,1,1,0,0,28,0,0,0
19.98,30,29,0,0,0,1,1,0,0,29,1,0,0
18.47,29,29,0,0,0,1,1,0,0,28,0,0,0
18.25,29,29,0,0,0,1,1,0,0,28,0,0,0
16.78,29,29,0,0,0,1,1,0,0,28,0,0,0
14.71,29,29,0,0,0,1,1,0,0,28,0,0,0
18.03,29,29,0,0,0,1,1,0,0,28,0,0,0
18.18,29,29,0,0,0,1,1,0,0,28,0,0,0
57.46,29,29,0,0,0,1,1,0,0,28,0,0,0
11.17,29,29,0,0,0,1,1,0,0,28,0,0,0
17.25,29,29,0,0,0,1,1,0,0,28,0,0,0
19.18,29,29,0,0,0,1,1,0,0,28,0,0,0
13.41,29,29,0,0,0,1,1,0,0,28,0,0,0
13.75,29,29,0,0,0,1,1,0,0,28,0,0,0
12.63,29,29,0,0,0,1,1,0,0,28,0,0,0
10.39,29,29,0,0,0,1,1,0,0,28,0,0,0
12.51,29,29,0,0,0,1,1,0,0,28,0,0,0
11.46,29,29,0,0,0,1,1,0,0,28,0,0,0
12.64,29,29,0,0,0,1,1,0,0,28,0,0,0
14.62,29,29,0,0,0,1,1,0,0,28,1,0,0
17.23,29,29,0,0,0,1,1,0,0,28,0,0,0
17.57,29,29,0,0,0,1,1,0,0,28,0,0,0
20.57,29,29,0,0,0,1,1,0,0,28,0,0,0
21.60,29,29,0,0,0,1,1,0,0,28,0,0,0
28.14,30,29,0,0,0,1,1,0,0,29,1,0,0
24.77,29,29,0,0,0,1,1,0,0,28,0,0,0
15.56,29,29,0,0,0,1,1,0,0,28,0,0,0
16.05,29,29,0,0,0,1,1,0,0,28,0,0,0
15.98,29,29,0,0,0,1,1,0,0,28,0,0,0
15.06,29,29,0,0,0,1,1,0,0,28,0,0,0
16.38,29,29,0,0,0,1,1,0,0,28,0,0,0
20.33,29,29,0,0,0,1,1,0,0,28,0,0,0
18.19,29,29,0,0,0,1,1,0,0,28,0,0,0
16.71,29,29,0,0,0,1,1,0,0,28,0,0,0
17.14,29,29,0,0,0,1,1,0,0,28,0,0,0
16.59,29,29,0,0,0,1,1,0,0,28,0,0,0
15.15,29,29,0,0,0,1,1,0,0,28,0,0,0
18.97,29,29,0,0,0,1,1,0,0,28,0,0,0
18.37,29,29,0,0,0,1,1,0,0,28,0,0,0
14.88,29,29,0,0,0,1,1,0,0,28,0,0,0
18.25,29,29,0,0,0,1,1,0,0,28,0,0,0
15.41,29,29,0,0,0,1,1,0,0,28,0,0,0
17.10,29,29,0,0,0,1,1,0,0,28,0,0,0
14.60,29,29,0,0,0,1,1,0,0,28,0,0,0
15.94,29,29,0,0,0,1,1,0,0,28,0,0,0
14.46,29,29,0,0,0,1,1,0,0,28,0,0,0
49.02,29,29,0,0,0,1,1,0,0,28,0,0,0
14.89,30,29,0,0,0,1,1,0,0,29,1,0,0
15.62,29,29,0,0,0,1,1,0,0,28,0,0,0
18.39,29,29,0,0,0,1,1,0,0,28,0,0,0
17.49,29,29,0,0,0,1,1,0,0,28,0,0,0
14.78,29,29,0,0,0,1,1,0,0,28,0,0,0
13.16,29,29,0,0,0,1,1,0,0,28,0,0,0
15.01,29,29,0,0,0,1,1,0,0,28,0,0,0
15.66,29,29,0,0,0,1,1,0,0,28,0,0,0
16.75,29,29,0,0,0,1,1,0,0,28,0,0,0
49.60,29,29,0,0,0,1,1,0,0,28,0,0,0
21.12,29,29,0,0,0,1,1,0,0,28,0,0,0
12.88,29,29,0,0,0,1,1,0,0,28,0,0,0
13.41,29,29,0,0,0,1,1,0,0,28,0,0,0
11.71,29,29,0,0,0,1,1,0,0,28,0,0,0
16.90,29,29,0,0,0,1,1,0,0,28,0,0,0
17.67,29,29,0,0,0,1,1,0,0,28,0,0,0
13.77,29,29,0,0,0,1,1,0,0,28,0,0,0
16.49,29,29,0,0,0,1,1,0,0,28,0,0,0
14.41,29,29,0,0,0,1,1,0,0,28,0,0,0
13.28,29,29,0,0,0,1,1,0,0,28,0,0,0
12.61,29,29,0,0,0,1,1,0,0,28,0,0,0
13.77,29,29,0,0,0,1,1,0,0,28,0,0,0
16.27,29,29,0,0,0,1,1,0,0,28,0,0,0
13.20,29,29,0,0,0,1,1,0,0,28,0,0,0
14.19,29,29,0,0,0,1,1,0,0,28,0,0,0
11.93,29,29,0,0,0,1,1,0,0,28,0,0,0
12.57,29,29,0,0,0,1,1,0,0,28,0,0,0
13.85,29,29,0,0,0,1,1,0,0,28,0,0,0
16.06,29,29,0,0,0,1,1,0,0,28,0,0,0
15.75,29,29,0,0,0,1,1,0,0,28,0,0,0
12.10,29,29,0,0,0,1,1,0,0,28,0,0,0
49.47,29,29,0,0,0,1,1,0,0,28,0,0,0
14.59,29,29,0,0,0,1,1,0,0,28,0,0,0
12.02,29,29,0,0,0,1,1,0,0,28,1,0,0
14.82,29,29,0,0,0,1,1,0,0,28,0,0,0
13.04,29,29,0,0,0,1,1,0,0,28,0,0,0
15.86,29,29,0,0,0,1,1,0,0,28,0,0,0
16.16,29,29,0,0,0,1,1,0,0,28,0,0,0
15.72,30,29,0,0,0,1,1,0,0,29,1,0,0
16.38,29,29,0,0,0,1,1,0,0,28,0,0,0
17.31,29,29,0,0,0,1,1,0,0,28,0,0,0
22.43,29,29,0,0,0,1,1,0,0,28,0,0,0
15.95,29,29,0,0,0,1,1,0,0,28,0,0,0
14.62,29,29,0,0,0,1,1,0,0,28,0,0,0
16.76,29,29,0,0,0,1,1,0,0,28,0,0,0
15.66,29,29,0,0,0,1,1,0,0,28,0,0,0
17.79,29,29,0,0,0,1,1,0,0,28,0,0,0
16.78,29,29,0,0,0,1,1,0,0,28,0,0,0
20.03,29,29,0,0,0,1,1,0,0,28,0,0,0
13.47,29,29,0,0,0,1,1,0,0,28,0,0,0
46.97,29,29,0,0,0,1,1,0,0,28,0,0,0
18.25,29,29,0,0,0,1,1,0,0,28,0,0,0
17.24,29,29,0,0,0,1,1,0,0,28,0,0,0
13.87,29,29,0,0,0,1,1,0,0,28,0,0,0
15.44,29,29,0,0,0,1,1,0,0,28,0,0,0
20.28,29,29,0,0,0,1,1,0,0,28,0,0,0
16.92,29,29,0,0,0,1,1,0,0,28,0,0,0
17.83,29,29,0,0,0,1,1,0,0,28,0,0,0
15.91,29,29,0,0,0,1,1,0,0,28,0,0,0
49.55,29,29,0,0,0,1,1,0,0,28,0,0,0
17.95,29,29,0,0,0,1,1,0,0,28,0,0,0
14.42,29,29,0,0,0,1,1,0,0,28,0,0,0
15.75,29,29,0,0,0,1,1,0,0,28,0,0,0
16.45,29,29,0,0,0,1,1,0,0,28,0,0,0
17.59,29,29,0,0,0,1,1,0,0,28,0,0,0
16.13,29,29,0,0,0,1,1,0,0,28,0,0,0
20.49,29,29,0,0,0,1,1,0,0,28,0,0,0
22.13,29,29,0,0,0,1,1,0,0,28,0,0,0
24.34,29,29,0,0,0,1,1,0,0,28,0,0,0
20.32,29,29,0,0,0,1,1,0,0,28,0,0,0
15.48,29,29,0,0,0,1,1,0,0,28,0,0,0
16.20,29,29,0,0,0,1,1,0,0,28,0,0,0
14.74,29,29,0,0,0,1,1,0,0,28,0,0,0
12.71,29,29,0,0,0,1,1,0,0,28,0,0,0
10.66,29,29,0,0,0,1,1,0,0,28,0,0,0
12.72,29,29,0,0,0,1,1,0,0,28,0,0,0
11.25,29,29,0,0,0,1,1,0,0,28,0,0,0
11.65,29,29,0,0,0,1,1,0,0,28,0,0,0
12.72,29,29,0,0,0,1,1,0,0,28,0,0,0
17.26,29,29,0,0,0,1,1,0,0,28,0,0,0
12.58,29,29,0,0,0,1,1,0,0,28,0,0,0
14.37,29,29,0,0,0,1,1,0,0,28,0,0,0
14.98,29,29,0,0,0,1,1,0,0,28,0,0,0
11.95,29,29,0,0,0,1,1,0,0,28,0,0,0
12.88,29,29,0,0,0,1,1,0,0,28,0,0,0
11.54,29,29,0,0,0,1,1,0,0,28,0,0,0
11.86,29,29,0,0,0,1,1,0,0,28,0,0,0
13.96,29,29,0,0,0,1,1,0,0,28,0,0,0
14.79,29,29,0,0,0,1,1,0,0,28,0,0,0
15.70,29,29,0,0,0,1,1,0,0,28,0,0,0
13.24,29,29,0,0,0,1,1,0,0,28,0,0,0
13.01,29,29,0,0,0,1,1,0,0,28,0,0,0
16.77,29,29,0,0,0,1,1,0,0,28,0,0,0
16.89,29,29,0,0,0,1,1,0,0,28,0,0,0
14.20,29,29,0,0,0,1,1,0,0,28,0,0,0
15.88,29,29,0,0,0,1,1,0,0,28,0,0,0
15.36,29,29,0,0,0,1,1,0,0,28,0,0,0
16.03,29,29,0,0,0,1,1,0,0,28,0,0,0
13.06,29,29,0,0,0,1,1,0,0,28,0,0,0
13.70,29,29,0,0,0,1,1,0,0,28,0,0,0
13.38,29,29,0,0,0,1,1,0,0,28,0,0,0
12.25,29,29,0,0,0,1,1,0,0,28,0,0,0
14.14,29,29,0,0,0,1,1,0,0,28,0,0,0
14.08,29,29,0,0,0,1,1,0,0,28,0,0,0
10.79,29,29,0,0,0,1,1,0,0,28,0,0,0
17.48,29,29,0,0,0,1,1,0,0,28,0,0,0
16.59,29,29,0,0,0,1,1,0,0,28,0,0,0
11.38,29,29,0,0,0,1,1,0,0,28,0,0,0
12.65,29,29,0,0,0,1,1,0,0,28,0,0,0
11.07,29,29,0,0,0,1,1,0,0,28,0,0,0
13.40,29,29,0,0,0,1,1,0,0,28,0,0,0
11.65,29,29,0,0,0,1,1,0,0,28,0,0,0
13.78,29,29,0,0,0,1,1,0,0,28,0,0,0
15.84,29,29,0,0,0,1,1,0,0,28,0,0,0
13.63,29,29,0,0,0,1,1,0,0,28,0,0,0
12.07,29,29,0,0,0,1,1,0,0,28,0,0,0
16.08,29,29,0,0,0,1,1,0,0,28,0,0,0
20.66,29,29,0,0,0,1,1,0,0,28,0,0,0
15.56,29,29,0,0,0,1,1,0,0,28,0,0,0
16.87,29,29,0,0,0,1,1,0,0,28,0,0,0
13.88,29,29,0,0,0,1,1,0,0,28,0,0,0
15.02,29,29,0,0,0,1,1,0,0,28,0,0,0
13.54,29,29,0,0,0,1,1,0,0,28,0,0,0
14.19,29,29,0,0,0,1,1,0,0,28,0,0,0
12.92,29,29,0,0,0,1,1,0,0,28,0,0,0
11.92,29,29,0,0,0,1,1,0,0,28,0,0,0
65.59,29,29,0,0,0,1,1,0,0,28,0,0,0
16.05,29,29,0,0,0,1,1,0,0,28,0,0,0
20.62,29,29,0,0,0,1,1,0,0,28,0,0,0
18.25,29,29,0,0,0,1,1,0,0,28,0,0,0
16.05,29,29,0,0,0,1,1,0,0,28,0,0,0
18.29,29,29,0,0,0,1,1,0,0,28,0,0,0
18.62,29,29,0,0,0,1,1,0,0,28,0,0,0
16.03,29,29,0,0,0,1,1,0,0,28,0,0,0
12.96,29,29,0,0,0,1,1,0,0,28,0,0,0
13.24,29,29,0,0,0,1,1,0,0,28,0,0,0
15.83,29,29,0,0,0,1,1,0,0,28,0,0,0
16.93,29,29,0,0,0,1,1,0,0,28,0,0,0
13.89,29,29,0,0,0,1,1,0,0,28,1,0,0
18.51,29,29,0,0,0,1,1,0,0,28,0,0,0
17.61,29,29,0,0,0,1,1,0,0,28,0,0,0
18.09,29,29,0,0,0,1,1,0,0,28,0,0,0
13.73,29,29,0,0,0,1,1,0,0,28,0,0,0
14.79,30,29,0,0,0,1,1,0,0,29,1,0,0
13.14,29,29,0,0,0,1,1,0,0,28,0,0,0
17.26,29,29,0,0,0,1,1,0,0,28,0,0,0
16.22,29,29,0,0,0,1,1,0,0,28,0,0,0
16.58,29,29,0,0,0,1,1,0,0,28,0,0,0
14.65,29,29,0,0,0,1,1,0,0,28,0,0,0
16.14,29,29,0,0,0,1,1,0,0,28,0,0,0
17.93,29,29,0,0,0,1,1,0,0,28,0,0,0
17.12,29,29,0,0,0,1,1,0,0,28,0,0,0
14.55,29,29,0,0,0,1,1,0,0,28,0,0,0
19.33,29,29,0,0,0,1,1,0,0,28,0,0,0
21.37,29,29,0,0,0,1,1,0,0,28,0,0,0
16.93,29,29,0,0,0,1,1,0,0,28,0,0,0
13.34,29,29,0,0,0,1,1,0,0,28,0,0,0
12.82,29,29,0,0,0,1,1,0,0,28,0,0,0
15.44,29,29,0,0,0,1,1,0,0,28,0,0,0
16.25,29,29,0,0,0,1,1,0,0,28,0,0,0
14.65,29,29,0,0,0,1,1,0,0,28,0,0,0
18.50,29,29,0,0,0,1,1,0,0,28,0,0,0
16.02,29,29,0,0,0,1,1,0,0,28,0,0,0
12.34,29,29,0,0,0,1,1,0,0,28,0,0,0
15.42,29,29,0,0,0,1,1,0,0,28,0,0,0
15.68,29,29,0,0,0,1,1,0,0,28,0,0,0
15.95,29,29,0,0,0,1,1,0,0,28,0,0,0
15.69,29,29,0,0,0,1,1,0,0,28,0,0,0
12.09,29,29,0,0,0,1,1,0,0,28,0,0,0
15.64,29,29,0,0,0,1,1,0,0,28,0,0,0
16.07,29,29,0,0,0,1,1,0,0,28,0,0,0
18.14,29,29,0,0,0,1,1,0,0,28,0,0,0
19.67,29,29,0,0,0,1,1,0,0,28,0,0,0
18.45,29,29,0,0,0,1,1,0,0,28,0,0,0
18.48,29,29,0,0,0,1,1,0,0,28,0,0,0
16.93,29,29,0,0,0,1,1,0,0,28,0,0,0
20.83,29,29,0,0,0,1,1,0,0,28,0,0,0
20.54,29,29,0,0,0,1,1,0,0,28,0,0,0
25.64,29,29,0,0,0,1,1,0,0,28,0,0,0
25.72,29,29,0,0,0,1,1,0,0,28,0,0,0
26.40,29,29,0,0,0,1,1,0,0,28,0,0,0
24.91,29,29,0,0,0,1,1,0,0,28,0,0,0
25.41,29,29,0,0,0,1,1,0,0,28,0,0,0
22.62,29,29,0,0,0,1,1,0,0,28,0,0,0
14.50,29,29,0,0,0,1,1,0,0,28,0,0,0
47.56,29,29,0,0,0,1,1,0,0,28,0,0,0
13.74,29,29,0,0,0,1,1,0,0,28,0,0,0
16.39,29,29,0,0,0,1,1,0,0,28,0,0,0
14.59,29,29,0,0,0,1,1,0,0,28,0,0,0
13.95,30,29,0,0,0,1,1,0,0,29,1,0,0
12.33,29,29,0,0,0,1,1,0,0,28,0,0,0
12.67,29,29,0,0,0,1,1,0,0,28,0,0,0
11.77,29,29,0,0,0,1,1,0,0,28,0,0,0
12.48,29,29,0,0,0,1,1,0,0,28,0,0,0
13.54,29,29,0,0,0,1,1,0,0,28,0,0,0
12.43,29,29,0,0,0,1,1,0,0,28,0,0,0
12.30,29,29,0,0,0,1,1,0,0,28,0,0,0
13.23,29,29,0,0,0,1,1,0,0,28,0,0,0
15.43,29,29,0,0,0,1,1,0,0,28,0,0,0
14.38,29,29,0,0,0,1,1,0,0,28,0,0,0
11.19,29,29,0,0,0,1,1,0,0,28,0,0,0
15.60,29,29,0,0,0,1,1,0,0,28,0,0,0
15.67,29,29,0,0,0,1,1,0,0,28,0,0,0
13.29,30,29,0,0,0,1,1,0,0,29,1,0,0
13.23,29,29,0,0,0,1,1,0,0,28,0,0,0
13.19,29,29,0,0,0,1,1,0,0,28,0,0,0
12.83,29,29,0,0,0,1,1,0,0,28,0,0,0
11.29,29,29,0,0,0,1,1,0,0,28,0,0,0
11.81,29,29,0,0,0,1,1,0,0,28,0,0,0
12.12,29,29,0,0,0,1,1,0,0,28,0,0,0
13.56,29,29,0,0,0,1,1,0,0,28,0,0,0
21.02,29,29,0,0,0,1,1,0,0,28,0,0,0
15.72,29,29,0,0,0,1,1,0,0,28,0,0,0
17.99,29,29,0,0,0,1,1,0,0,28,0,0,0
15.59,29,29,0,0,0,1,1,0,0,28,0,0,0
16.93,29,29,0,0,0,1,1,0,0,28,0,0,0
14.67,29,29,0,0,0,1,1,0,0,28,0,0,0
11.06,30,29,0,0,0,1,1,0,0,29,1,0,0
11.54,29,29,0,0,0,1,1,0,0,28,0,0,0
11.74,29,29,0,0,0,1,1,0,0,28,0,0,0
12.57,29,29,0,0,0,1,1,0,0,28,0,0,0
11.05,29,29,0,0,0,1,1,0,0,28,0,0,0
11.73,29,29,0,0,0,1,1,0,0,28,0,0,0
11.21,29,29,0,0,0,1,1,0,0,28,0,0,0
11.15,29,29,0,0,0,1,1,0,0,28,0,0,0
10.37,29,29,0,0,0,1,1,0,0,28,0,0,0
11.35,29,29,0,0,0,1,1,0,0,28,0,0,0
13.96,29,29,0,0,0,1,1,0,0,28,0,0,0
11.34,29,29,0,0,0,1,1,0,0,28,0,0,0
10.93,29,29,0,0,0,1,1,0,0,28,0,0,0
12.07,29,29,0,0,0,1,1,0,0,28,0,0,0
13.26,29,29,0,0,0,1,1,0,0,28,0,0,0
12.74,29,29,0,0,0,1,1,0,0,28,0,0,0
11.53,29,29,0,0,0,1,1,0,0,28,0,0,0
12.34,29,29,0,0,0,1,1,0,0,28,0,0,0
12.83,29,29,0,0,0,1,1,0,0,28,0,0,0
14.00,29,29,0,0,0,1,1,0,0,28,0,0,0
10.92,29,29,0,0,0,1,1,0,0,28,0,0,0
13.05,29,29,0,0,0,1,1,0,0,28,0,0,0
14.13,29,29,0,0,0,1,1,0,0,28,0,0,0
14.64,29,29,0,0,0,1,1,0,0,28,0,0,0
13.10,29,29,0,0,0,1,1,0,0,28,0,0,0
11.37,29,29,0,0,0,1,1,0,0,28,0,0,0
11.55,29,29,0,0,0,1,1,0,0,28,0,0,0
10.62,29,29,0,0,0,1,1,0,0,28,0,0,0
13.31,29,29,0,0,0,1,1,0,0,28,0,0,0
11.43,29,29,0,0,0,1,1,0,0,28,0,0,0
11.50,29,29,0,0,0,1,1,0,0,28,0,0,0
10.93,29,29,0,0,0,1,1,0,0,28,0,0,0
16.38,29,29,0,0,0,1,1,0,0,28,0,0,0
13.86,29,29,0,0,0,1,1,0,0,28,0,0,0
13.56,29,29,0,0,0,1,1,0,0,28,0,0,0
12.43,29,29,0,0,0,1,1,0,0,28,0,0,0
11.38,29,29,0,0,0,1,1,0,0,28,0,0,0
12.49,29,29,0,0,0,1,1,0,0,28,0,0,0
14.41,29,29,0,0,0,1,1,0,0,28,0,0,0
16.28,29,29,0,0,0,1,1,0,0,28,0,0,0
13.24,29,29,0,0,0,1,1,0,0,28,0,0,0
11.78,29,29,0,0,0,1,1,0,0,28,0,0,0
10.59,29,29,0,0,0,1,1,0,0,28,0,0,0
16.66,29,29,0,0,0,1,1,0,0,28,0,0,0
11.77,29,29,0,0,0,1,1,0,0,28,0,0,0
11.43,29,29,0,0,0,1,1,0,0,28,0,0,0
10.19,29,29,0,0,0,1,1,0,0,28,0,0,0
21.00,29,29,0,0,0,1,1,0,0,28,0,0,0
16.68,29,29,0,0,0,1,1,0,0,28,0,0,0
14.47,29,29,0,0,0,1,1,0,0,28,0,0,0
11.20,29,29,0,0,0,1,1,0,0,28,0,0,0
10.03,29,29,0,0,0,1,1,0,0,28,0,0,0
10.54,29,29,0,0,0,1,1,0,0,28,0,0,0
10.91,29,29,0,0,0,1,1,0,0,28,0,0,0
13.28,29,29,0,0,0,1,1,0,0,28,0,0,0
12.26,29,29,0,0,0,1,1,0,0,28,0,0,0
11.66,29,29,0,0,0,1,1,0,0,28,0,0,0
12.37,29,29,0,0,0,1,1,0,0,28,0,0,0
11.46,29,29,0,0,0,1,1,0,0,28,0,0,0
10.74,29,29,0,0,0,1,1,0,0,28,0,0,0
11.76,29,29,0,0,0,1,1,0,0,28,0,0,0
13.90,29,29,0,0,0,1,1,0,0,28,0,0,0
10.28,29,29,0,0,0,1,1,0,0,28,0,0,0
10.25,29,29,0,0,0,1,1,0,0,28,0,0,0
10.98,29,29,0,0,0,1,1,0,0,28,0,0,0
12.48,29,29,0,0,0,1,1,0,0,28,0,0,0
17.35,29,29,0,0,0,1,1,0,0,28,0,0,0
12.07,29,29,0,0,0,1,1,0,0,28,0,0,0
15.87,29,29,0,0,0,1,1,0,0,28,0,0,0
13.58,29,29,0,0,0,1,1,0,0,28,0,0,0
15.88,29,29,0,0,0,1,1,0,0,28,0,0,0
13.68,29,29,0,0,0,1,1,0,0,28,0,0,0
11.66,29,29,0,0,0,1,1,0,0,28,0,0,0
12.07,29,29,0,0,0,1,1,0,0,28,0,0,0
11.54,29,29,0,0,0,1,1,0,0,28,0,0,0
14.05,29,29,0,0,0,1,1,0,0,28,0,0,0
15.60,29,29,0,0,0,1,1,0,0,28,0,0,0
17.84,29,29,0,0,0,1,1,0,0,28,0,0,0
17.46,29,29,0,0,0,1,1,0,0,28,1,0,0
11.86,29,29,0,0,0,1,1,0,0,28,0,0,0
15.63,29,29,0,0,0,1,1,0,0,28,0,0,0
12.77,29,29,0,0,0,1,1,0,0,28,0,0,0
13.63,29,29,0,0,0,1,1,0,0,28,0,0,0
15.03,29,29,0,0,0,1,1,0,0,28,0,0,0
13.40,29,29,0,0,0,1,1,0,0,28,0,0,0
13.41,29,29,0,0,0,1,1,0,0,28,0,0,0
15.39,29,29,0,0,0,1,1,0,0,28,0,0,0
15.03,29,29,0,0,0,1,1,0,0,28,0,0,0
17.20,30,30,0,0,0,1,1,0,0,29,0,0,0
20.51,30,30,0,0,0,1,1,0,0,29,0,0,0
19.02,30,30,0,0,0,1,1,0,0,29,0,0,0
21.61,29,29,0,0,0,1,1,0,0,28,0,0,0
33.22,29,29,0,0,0,1,1,0,0,28,0,0,0
26.48,29,29,0,0,0,1,1,0,0,28,0,0,0
53.88,29,29,0,0,0,1,1,0,0,28,1,0,0
38.88,29,29,0,0,0,1,1,0,0,28,0,0,0
61.81,29,29,0,0,0,1,1,0,0,28,0,0,0
24.94,29,29,0,0,0,1,1,0,0,28,0,0,0
39.88,29,29,0,0,0,1,1,0,0,28,0,0,0
23.29,30,29,0,0,0,1,1,0,0,29,1,0,0
23.85,29,29,0,0,0,1,1,0,0,28,0,0,0
19.36,29,29,0,0,0,1,1,0,0,28,0,0,0
19.91,29,29,0,0,0,1,1,0,0,28,0,0,0
23.44,29,29,0,0,0,1,1,0,0,28,0,0,0
18.88,29,29,0,0,0,1,1,0,0,28,0,0,0
21.35,29,29,0,0,0,1,1,0,0,28,0,0,0
18.80,29,29,0,0,0,1,1,0,0,28,0,0,0
19.86,29,29,0,0,0,1,1,0,0,28,0,0,0
21.53,30,29,0,0,0,1,1,0,0,29,1,0,0
18.16,29,29,0,0,0,1,1,0,0,28,0,0,0
22.95,29,29,0,0,0,1,1,0,0,28,1,0,0
18.14,29,29,0,0,0,1,1,0,0,28,0,0,0
19.55,29,29,0,0,0,1,1,0,0,28,0,0,0
19.73,29,29,0,0,0,1,1,0,0,28,0,0,0
18.10,29,29,0,0,0,1,1,0,0,28,0,0,0
18.94,29,29,0,0,0,1,1,0,0,28,0,0,0
18.34,29,29,0,0,0,1,1,0,0,28,0,0,0
18.70,29,29,0,0,0,1,1,0,0,28,0,0,0
17.71,29,29,0,0,0,1,1,0,0,28,0,0,0
18.77,29,29,0,0,0,1,1,0,0,28,0,0,0
23.58,29,29,0,0,0,1,1,0,0,28,0,0,0
24.24,29,29,0,0,0,1,1,0,0,28,0,0,0
22.01,29,29,0,0,0,1,1,0,0,28,0,0,0
21.75,29,29,0,0,0,1,1,0,0,28,0,0,0
21.17,29,29,0,0,0,1,1,0,0,28,0,0,0
20.13,29,29,0,0,0,1,1,0,0,28,0,0,0
19.40,29,29,0,0,0,1,1,0,0,28,0,0,0
21.92,29,29,0,0,0,1,1,0,0,28,0,0,0
17.74,29,29,0,0,0,1,1,0,0,28,0,0,0
18.44,29,29,0,0,0,1,1,0,0,28,0,0,0
18.78,29,29,0,0,0,1,1,0,0,28,0,0,0
20.34,29,29,0,0,0,1,1,0,0,28,0,0,0
18.46,29,29,0,0,0,1,1,0,0,28,0,0,0
24.64,29,29,0,0,0,1,1,0,0,28,0,0,0
23.38,29,29,0,0,0,1,1,0,0,28,0,0,0
19.61,29,29,0,0,0,1,1,0,0,28,0,0,0
18.14,29,29,0,0,0,1,1,0,0,28,0,0,0
22.77,29,29,0,0,0,1,1,0,0,28,0,0,0
21.81,29,29,0,0,0,1,1,0,0,28,0,0,0
20.55,29,29,0,0,0,1,1,0,0,28,0,0,0
20.51,29,29,0,0,0,1,1,0,0,28,0,0,0
22.21,29,29,0,0,0,1,1,0,0,28,0,0,0
22.53,29,29,0,0,0,1,1,0,0,28,0,0,0
22.62,29,29,0,0,0,1,1,0,0,28,0,0,0
20.65,29,29,0,0,0,1,1,0,0,28,0,0,0
18.68,29,29,0,0,0,1,1,0,0,28,0,0,0
17.65,29,29,0,0,0,1,1,0,0,28,0,0,0
24.80,29,29,0,0,0,1,1,0,0,28,0,0,0
27.58,29,29,0,0,0,1,1,0,0,28,0,0,0
20.83,29,29,0,0,0,1,1,0,0,28,0,0,0
20.86,29,29,0,0,0,1,1,0,0,28,0,0,0
18.17,29,29,0,0,0,1,1,0,0,28,0,0,0
18.98,29,29,0,0,0,1,1,0,0,28,0,0,0
21.01,29,29,0,0,0,1,1,0,0,28,0,0,0
20.44,29,29,0,0,0,1,1,0,0,28,0,0,0
19.11,29,29,0,0,0,1,1,0,0,28,0,0,0
25.88,29,29,0,0,0,1,1,0,0,28,0,0,0
35.23,29,29,0,0,0,1,1,0,0,28,0,0,0
22.98,29,29,0,0,0,1,1,0,0,28,0,0,0
18.06,29,29,0,0,0,1,1,0,0,28,0,0,0
19.90,29,29,0,0,0,1,1,0,0,28,0,0,0
19.66,29,29,0,0,0,1,1,0,0,28,0,0,0
19.61,29,29,0,0,0,1,1,0,0,28,0,0,0
19.00,29,29,0,0,0,1,1,0,0,28,0,0,0
17.87,29,29,0,0,0,1,1,0,0,28,0,0,0
17.68,29,29,0,0,0,1,1,0,0,28,0,0,0
20.10,29,29,0,0,0,1,1,0,0,28,0,0,0
20.32,29,29,0,0,0,1,1,0,0,28,0,0,0
18.33,29,29,0,0,0,1,1,0,0,28,0,0,0
21.25,29,29,0,0,0,1,1,0,0,28,0,0,0
18.55,29,29,0,0,0,1,1,0,0,28,0,0,0
19.49,29,29,0,0,0,1,1,0,0,28,0,0,0
18.56,29,29,0,0,0,1,1,0,0,28,0,0,0
19.13,29,29,0,0,0,1,1,0,0,28,0,0,0
19.29,29,29,0,0,0,1,1,0,0,28,0,0,0
17.28,29,29,0,0,0,1,1,0,0,28,0,0,0
25.35,29,29,0,0,0,1,1,0,0,28,0,0,0
19.72,29,29,0,0,0,1,1,0,0,28,0,0,0
19.07,29,29,0,0,0,1,1,0,0,28,0,0,0
17.02,29,29,0,0,0,1,1,0,0,28,0,0,0
16.95,29,29,0,0,0,1,1,0,0,28,0,0,0
25.70,29,29,0,0,0,1,1,0,0,28,0,0,0
18.55,29,29,0,0,0,1,1,0,0,28,0,0,0
18.40,29,29,0,0,0,1,1,0,0,28,0,0,0
20.38,29,29,0,0,0,1,1,0,0,28,0,0,0
18.33,29,29,0,0,0,1,1,0,0,28,0,0,0
20.01,29,29,0,0,0,1,1,0,0,28,0,0,0
20.13,29,29,0,0,0,1,1,0,0,28,0,0,0
20.24,29,29,0,0,0,1,1,0,0,28,0,0,0
16.90,29,29,0,0,0,1,1,0,0,28,0,0,0
16.07,29,29,0,0,0,1,1,0,0,28,0,0,0
16.81,30,29,0,0,0,1,1,0,0,29,1,0,0
16.54,29,29,0,0,0,1,1,0,0,28,0,0,0
20.62,30,29,0,0,0,1,1,0,0,29,1,0,0
18.54,29,29,0,0,0,1,1,0,0,28,0,0,0
22.91,29,29,0,0,0,1,1,0,0,28,1,0,0
20.87,29,29,0,0,0,1,1,0,0,28,0,0,0
19.93,29,29,0,0,0,1,1,0,0,28,1,0,0
24.16,29,29,0,0,0,1,1,0,0,28,0,0,0
22.23,29,29,0,0,0,1,1,0,0,28,0,0,0
20.06,29,29,0,0,0,1,1,0,0,28,0,0,0
19.44,29,29,0,0,0,1,1,0,0,28,0,0,0
17.83,29,29,0,0,0,1,1,0,0,28,0,0,0
18.51,29,29,0,0,0,1,1,0,0,28,0,0,0
18.88,29,29,0,0,0,1,1,0,0,28,0,0,0
18.78,29,29,0,0,0,1,1,0,0,28,0,0,0
18.38,29,29,0,0,0,1,1,0,0,28,0,0,0
19.93,29,29,0,0,0,1,1,0,0,28,0,0,0
19.31,29,29,0,0,0,1,1,0,0,28,0,0,0
19.15,29,29,0,0,0,1,1,0,0,28,0,0,0
20.31,29,29,0,0,0,1,1,0,0,28,0,0,0
19.89,29,29,0,0,0,1,1,0,0,28,0,0,0
18.69,29,29,0,0,0,1,1,0,0,28,0,0,0
17.76,29,29,0,0,0,1,1,0,0,28,0,0,0
17.88,29,29,0,0,0,1,1,0,0,28,0,0,0
20.02,29,29,0,0,0,1,1,0,0,28,0,0,0
18.96,29,29,0,0,0,1,1,0,0,28,0,0,0
20.81,29,29,0,0,0,1,1,0,0,28,0,0,0
17.19,29,29,0,0,0,1,1,0,0,28,0,0,0
18.87,29,29,0,0,0,1,1,0,0,28,0,0,0
18.43,29,29,0,0,0,1,1,0,0,28,0,0,0
20.34,29,29,0,0,0,1,1,0,0,28,0,0,0
19.65,29,29,0,0,0,1,1,0,0,28,0,0,0
18.16,29,29,0,0,0,1,1,0,0,28,0,0,0
16.15,29,29,0,0,0,1,1,0,0,28,0,0,0
19.56,29,29,0,0,0,1,1,0,0,28,0,0,0
18.97,30,29,0,0,0,1,1,0,0,29,1,0,0
22.84,29,29,0,0,0,1,1,0,0,28,0,0,0
20.36,29,29,0,0,0,1,1,0,0,28,0,0,0
18.27,29,29,0,0,0,1,1,0,0,28,0,0,0
15.64,29,29,0,0,0,1,1,0,0,28,0,0,0
15.14,29,29,0,0,0,1,1,0,0,28,0,0,0
15.07,29,29,0,0,0,1,1,0,0,28,0,0,0
19.62,29,29,0,0,0,1,1,0,0,28,0,0,0
17.01,29,29,0,0,0,1,1,0,0,28,0,0,0
15.79,29,29,0,0,0,1,1,0,0,28,1,0,0
17.30,29,29,0,0,0,1,1,0,0,28,0,0,0
15.36,29,29,0,0,0,1,1,0,0,28,0,0,0
17.88,29,29,0,0,0,1,1,0,0,28,0,0,0
18.24,29,29,0,0,0,1,1,0,0,28,0,0,0
19.55,29,29,0,0,0,1,1,0,0,28,0,0,0
16.38,29,29,0,0,0,1,1,0,0,28,0,0,0
15.91,29,29,0,0,0,1,1,0,0,28,0,0,0
15.21,29,29,0,0,0,1,1,0,0,28,0,0,0
16.16,29,29,0,0,0,1,1,0,0,28,0,0,0
15.98,29,29,0,0,0,1,1,0,0,28,0,0,0
20.61,30,29,0,0,0,1,1,0,0,29,1,0,0
18.94,29,29,0,0,0,1,1,0,0,28,0,0,0
19.25,29,29,0,0,0,1,1,0,0,28,0,0,0
16.73,29,29,0,0,0,1,1,0,0,28,0,0,0
16.03,29,29,0,0,0,1,1,0,0,28,0,0,0
16.26,29,29,0,0,0,1,1,0,0,28,0,0,0
17.15,29,29,0,0,0,1,1,0,0,28,0,0,0
16.39,29,29,0,0,0,1,1,0,0,28,0,0,0
19.00,29,29,0,0,0,1,1,0,0,28,0,0,0
16.40,29,29,0,0,0,1,1,0,0,28,1,0,0
16.02,29,29,0,0,0,1,1,0,0,28,0,0,0
20.60,29,29,0,0,0,1,1,0,0,28,0,0,0
18.70,29,29,0,0,0,1,1,0,0,28,0,0,0
19.35,29,29,0,0,0,1,1,0,0,28,0,0,0
20.37,29,29,0,0,0,1,1,0,0,28,0,0,0
27.59,78,31,0,0,0,1,1,0,0,77,0,0,0
42.60,85,30,0,0,0,1,1,0,0,84,0,0,0
23.95,77,30,0,0,0,1,1,0,0,76,0,0,0
19.79,77,30,0,0,0,1,1,0,0,76,0,0,0
18.83,77,30,0,0,0,1,1,0,0,76,0,0,0
17.90,73,30,0,0,0,1,1,0,0,72,0,0,0
19.95,41,30,0,0,0,1,1,0,0,40,1,0,0
18.01,29,29,0,0,0,1,1,0,0,28,0,0,0
20.60,29,29,0,0,0,1,1,0,0,28,0,0,0
20.99,29,29,0,0,0,1,1,0,0,28,0,0,0
27.14,29,29,0,0,0,1,1,0,0,28,0,0,0
25.66,29,29,0,0,0,1,1,0,0,28,0,0,0
23.17,29,29,0,0,0,1,1,0,0,28,0,0,0
22.48,29,29,0,0,0,1,1,0,0,28,1,0,0
21.20,29,29,0,0,0,1,1,0,0,28,0,0,0
19.31,29,29,0,0,0,1,1,0,0,28,0,0,0
17.01,29,29,0,0,0,1,1,0,0,28,0,0,0
21.31,29,29,0,0,0,1,1,0,0,28,0,0,0
22.42,29,29,0,0,0,1,1,0,0,28,0,0,0
26.48,29,29,0,0,0,1,1,0,0,28,0,0,0
22.33,29,29,0,0,0,1,1,0,0,28,0,0,0
19.05,29,29,0,0,0,1,1,0,0,28,0,0,0
17.42,29,29,0,0,0,1,1,0,0,28,0,0,0
20.26,29,29,0,0,0,1,1,0,0,28,0,0,0
23.11,29,29,0,0,0,1,1,0,0,28,0,0,0
20.37,29,29,0,0,0,1,1,0,0,28,0,0,0
19.10,29,29,0,0,0,1,1,0,0,28,0,0,0
21.09,29,29,0,0,0,1,1,0,0,28,0,0,0
20.16,29,29,0,0,0,1,1,0,0,28,0,0,0
22.65,29,29,0,0,0,1,1,0,0,28,0,0,0
25.83,30,29,0,0,0,1,1,0,0,29,1,0,0
21.76,29,29,0,0,0,1,1,0,0,28,0,0,0
19.84,29,29,0,0,0,1,1,0,0,28,0,0,0
22.35,29,29,0,0,0,1,1,0,0,28,0,0,0
31.01,29,29,0,0,0,1,1,0,0,28,0,0,0
19.75,29,29,0,0,0,1,1,0,0,28,0,0,0
18.59,29,29,0,0,0,1,1,0,0,28,0,0,0
23.09,30,29,0,0,0,1,1,0,0,29,1,0,0
24.66,29,29,0,0,0,1,1,0,0,28,0,0,0
25.18,29,29,0,0,0,1,1,0,0,28,0,0,0
24.12,29,29,0,0,0,1,1,0,0,28,0,0,0
20.42,29,29,0,0,0,1,1,0,0,28,0,0,0
21.00,29,29,0,0,0,1,1,0,0,28,0,0,0
23.57,29,29,0,0,0,1,1,0,0,28,0,0,0
21.35,30,29,0,0,0,1,1,0,0,29,1,0,0
19.01,29,29,0,0,0,1,1,0,0,28,0,0,0
19.44,29,29,0,0,0,1,1,0,0,28,0,0,0
19.86,29,29,0,0,0,1,1,0,0,28,0,0,0
20.44,29,29,0,0,0,1,1,0,0,28,0,0,0
21.82,29,29,0,0,0,1,1,0,0,28,0,0,0
19.40,29,29,0,0,0,1,1,0,0,28,0,0,0
19.72,29,29,0,0,0,1,1,0,0,28,0,0,0
16.28,29,29,0,0,0,1,1,0,0,28,0,0,0
17.74,29,29,0,0,0,1,1,0,0,28,0,0,0
20.58,29,29,0,0,0,1,1,0,0,28,0,0,0
20.75,29,29,0,0,0,1,1,0,0,28,0,0,0
21.79,29,29,0,0,0,1,1,0,0,28,0,0,0
28.78,29,29,0,0,0,1,1,0,0,28,0,0,0
25.29,29,29,0,0,0,1,1,0,0,28,0,0,0
26.43,29,29,0,0,0,1,1,0,0,28,0,0,0
23.97,29,29,0,0,0,1,1,0,0,28,1,0,0
20.35,29,29,0,0,0,1,1,0,0,28,0,0,0
28.78,29,29,0,0,0,1,1,0,0,28,0,0,0
26.59,29,29,0,0,0,1,1,0,0,28,0,0,0
22.65,29,29,0,0,0,1,1,0,0,28,0,0,0
24.09,29,29,0,0,0,1,1,0,0,28,0,0,0
17.41,29,29,0,0,0,1,1,0,0,28,0,0,0
17.96,29,29,0,0,0,1,1,0,0,28,0,0,0
21.54,29,29,0,0,0,1,1,0,0,28,0,0,0
20.40,29,29,0,0,0,1,1,0,0,28,0,0,0
19.07,29,29,0,0,0,1,1,0,0,28,0,0,0
19.40,29,29,0,0,0,1,1,0,0,28,0,0,0
26.13,29,29,0,0,0,1,1,0,0,28,0,0,0
19.21,29,29,0,0,0,1,1,0,0,28,0,0,0
19.89,29,29,0,0,0,1,1,0,0,28,0,0,0
20.80,29,29,0,0,0,1,1,0,0,28,0,0,0
17.30,30,29,0,0,0,1,1,0,0,29,1,0,0
21.08,29,29,0,0,0,1,1,0,0,28,0,0,0
24.15,29,29,0,0,0,1,1,0,0,28,0,0,0
22.70,29,29,0,0,0,1,1,0,0,28,0,0,0
31.39,29,29,0,0,0,1,1,0,0,28,0,0,0
26.96,29,29,0,0,0,1,1,0,0,28,0,0,0
21.10,29,29,0,0,0,1,1,0,0,28,0,0,0
26.96,29,29,0,0,0,1,1,0,0,28,0,0,0
43.20,29,29,0,0,0,1,1,0,0,28,0,0,0
30.65,29,29,0,0,0,1,1,0,0,28,0,0,0
30.26,29,29,0,0,0,1,1,0,0,28,0,0,0
24.70,29,29,0,0,0,1,1,0,0,28,0,0,0
28.78,29,29,0,0,0,1,1,0,0,28,0,0,0
32.35,29,29,0,0,0,1,1,0,0,28,0,0,0
24.32,29,29,0,0,0,1,1,0,0,28,0,0,0
27.24,29,29,0,0,0,1,1,0,0,28,0,0,0
38.30,29,29,0,0,0,1,1,0,0,28,1,0,0
47.36,29,29,0,0,0,1,1,0,0,28,0,0,0
37.21,29,29,0,0,0,1,1,0,0,28,0,0,0
44.35,29,29,0,0,0,1,1,0,0,28,0,0,0
58.54,29,29,0,0,0,1,1,0,0,28,0,0,0
37.56,29,29,0,0,0,1,1,0,0,28,0,0,0
34.61,29,29,0,0,0,1,1,0,0,28,0,0,0
31.76,29,29,0,0,0,1,1,0,0,28,0,0,0
29.72,29,29,0,0,0,1,1,0,0,28,0,0,0
24.70,29,29,0,0,0,1,1,0,0,28,0,0,0
25.06,29,29,0,0,0,1,1,0,0,28,0,0,0
27.01,29,29,0,0,0,1,1,0,0,28,0,0,0
26.91,29,29,0,0,0,1,1,0,0,28,0,0,0
30.32,29,29,0,0,0,1,1,0,0,28,0,0,0
25.80,29,29,0,0,0,1,1,0,0,28,0,0,0
28.81,29,29,0,0,0,1,1,0,0,28,0,0,0
35.79,29,29,0,0,0,1,1,0,0,28,0,0,0
30.65,29,29,0,0,0,1,1,0,0,28,0,0,0
24.38,29,29,0,0,0,1,1,0,0,28,0,0,0
29.04,29,29,0,0,0,1,1,0,0,28,0,0,0
29.21,29,29,0,0,0,1,1,0,0,28,0,0,0
26.35,29,29,0,0,0,1,1,0,0,28,0,0,0
25.09,29,29,0,0,0,1,1,0,0,28,0,0,0
36.08,29,29,0,0,0,1,1,0,0,28,0,0,0
32.33,29,29,0,0,0,1,1,0,0,28,0,0,0
29.12,29,29,0,0,0,1,1,0,0,28,0,0,0
26.09,29,29,0,0,0,1,1,0,0,28,0,0,0
29.46,29,29,0,0,0,1,1,0,0,28,0,0,0
23.25,29,29,0,0,0,1,1,0,0,28,0,0,0
24.77,29,29,0,0,0,1,1,0,0,28,0,0,0
26.84,29,29,0,0,0,1,1,0,0,28,0,0,0
24.07,29,29,0,0,0,1,1,0,0,28,0,0,0
32.71,29,29,0,0,0,1,1,0,0,28,0,0,0
32.94,29,29,0,0,0,1,1,0,0,28,0,0,0
22.46,29,29,0,0,0,1,1,0,0,28,0,0,0
22.91,29,29,0,0,0,1,1,0,0,28,0,0,0
26.03,29,29,0,0,0,1,1,0,0,28,0,0,0
28.78,29,29,0,0,0,1,1,0,0,28,0,0,0
32.07,29,29,0,0,0,1,1,0,0,28,0,0,0
39.12,29,29,0,0,0,1,1,0,0,28,0,0,0
37.30,29,29,0,0,0,1,1,0,0,28,0,0,0
31.30,29,29,0,0,0,1,1,0,0,28,0,0,0
22.94,29,29,0,0,0,1,1,0,0,28,0,0,0
24.70,29,29,0,0,0,1,1,0,0,28,0,0,0
26.07,29,29,0,0,0,1,1,0,0,28,0,0,0
26.66,29,29,0,0,0,1,1,0,0,28,0,0,0
18.37,29,29,0,0,0,1,1,0,0,28,0,0,0
17.85,30,29,0,0,0,1,1,0,0,29,1,0,0
16.60,29,29,0,0,0,1,1,0,0,28,0,0,0
21.84,29,29,0,0,0,1,1,0,0,28,0,0,0
26.06,29,29,0,0,0,1,1,0,0,28,0,0,0
19.51,29,29,0,0,0,1,1,0,0,28,0,0,0
22.50,29,29,0,0,0,1,1,0,0,28,0,0,0
30.48,29,29,0,0,0,1,1,0,0,28,0,0,0
24.71,29,29,0,0,0,1,1,0,0,28,0,0,0
25.35,29,29,0,0,0,1,1,0,0,28,0,0,0
22.01,29,29,0,0,0,1,1,0,0,28,0,0,0
27.18,29,29,0,0,0,1,1,0,0,28,0,0,0
22.41,29,29,0,0,0,1,1,0,0,28,0,0,0
27.96,29,29,0,0,0,1,1,0,0,28,0,0,0
24.87,29,29,0,0,0,1,1,0,0,28,0,0,0
24.94,29,29,0,0,0,1,1,0,0,28,0,0,0
24.01,29,29,0,0,0,1,1,0,0,28,1,0,0
24.69,29,29,0,0,0,1,1,0,0,28,0,0,0
22.46,29,29,0,0,0,1,1,0,0,28,0,0,0
21.16,29,29,0,0,0,1,1,0,0,28,0,0,0
19.96,29,29,0,0,0,1,1,0,0,28,0,0,0
24.41,29,29,0,0,0,1,1,0,0,28,0,0,0
22.59,29,29,0,0,0,1,1,0,0,28,0,0,0
17.90,29,29,0,0,0,1,1,0,0,28,0,0,0
21.14,29,29,0,0,0,1,1,0,0,28,0,0,0
19.65,29,29,0,0,0,1,1,0,0,28,0,0,0
19.12,37,30,0,0,0,1,1,0,0,36,0,0,0
27.43,37,30,0,0,0,1,1,0,0,36,0,0,0
26.43,37,30,0,0,0,1,1,0,0,36,0,0,0
25.14,37,30,0,0,0,1,1,0,0,36,0,0,0
22.12,37,30,0,0,0,1,1,0,0,36,0,0,0
23.97,38,30,0,0,0,1,1,0,0,37,1,0,0
25.79,37,30,0,0,0,1,1,0,0,36,0,0,0
18.76,37,30,0,0,0,1,1,0,0,36,1,0,0
16.43,37,30,0,0,0,1,1,0,0,36,0,0,0
21.63,37,30,0,0,0,1,1,0,0,36,0,0,0
16.61,37,30,0,0,0,1,1,0,0,36,0,0,0
16.28,37,30,0,0,0,1,1,0,0,36,0,0,0
15.99,37,30,0,0,0,1,1,0,0,36,0,0,0
15.74,37,30,0,0,0,1,1,0,0,36,0,0,0
15.72,36,30,0,0,0,1,1,0,0,35,0,0,0
17.79,35,30,0,0,0,1,1,0,0,34,0,0,0
20.27,35,30,0,0,0,1,1,0,0,34,0,0,0
22.73,35,30,0,0,0,1,1,0,0,34,0,0,0
18.61,33,30,0,0,0,1,1,0,0,32,0,0,0
20.15,32,30,0,0,0,1,1,0,0,31,0,0,0
19.04,31,30,0,0,0,1,1,0,0,30,0,0,0
16.37,31,30,0,0,0,1,1,0,0,30,0,0,0
16.04,31,30,0,0,0,1,1,0,0,30,0,0,0
20.18,31,30,0,0,0,1,1,0,0,30,0,0,0
18.49,29,29,0,0,0,1,1,0,0,28,0,0,0
15.43,29,29,0,0,0,1,1,0,0,28,0,0,0
16.16,29,29,0,0,0,1,1,0,0,28,1,0,0
19.87,29,29,0,0,0,1,1,0,0,28,0,0,0
19.52,29,29,0,0,0,1,1,0,0,28,0,0,0
15.86,29,29,0,0,0,1,1,0,0,28,0,0,0
18.05,29,29,0,0,0,1,1,0,0,28,0,0,0
20.81,29,29,0,0,0,1,1,0,0,28,0,0,0
17.37,29,29,0,0,0,1,1,0,0,28,0,0,0
16.43,29,29,0,0,0,1,1,0,0,28,0,0,0
16.96,29,29,0,0,0,1,1,0,0,28,0,0,0
20.40,29,29,0,0,0,1,1,0,0,28,0,0,0
19.85,29,29,0,0,0,1,1,0,0,28,0,0,0
15.85,29,29,0,0,0,1,1,0,0,28,0,0,0
16.98,29,29,0,0,0,1,1,0,0,28,0,0,0
17.37,29,29,0,0,0,1,1,0,0,28,0,0,0
16.98,29,29,0,0,0,1,1,0,0,28,0,0,0
17.13,29,29,0,0,0,1,1,0,0,28,0,0,0
17.01,29,29,0,0,0,1,1,0,0,28,0,0,0
25.82,29,29,0,0,0,1,1,0,0,28,0,0,0
18.32,29,29,0,0,0,1,1,0,0,28,0,0,0
16.72,29,29,0,0,0,1,1,0,0,28,0,0,0
18.67,29,29,0,0,0,1,1,0,0,28,0,0,0
19.33,29,29,0,0,0,1,1,0,0,28,0,0,0
19.87,29,29,0,0,0,1,1,0,0,28,0,0,0
15.86,29,29,0,0,0,1,1,0,0,28,0,0,0
16.57,29,29,0,0,0,1,1,0,0,28,0,0,0
16.59,29,29,0,0,0,1,1,0,0,28,0,0,0
16.41,29,29,0,0,0,1,1,0,0,28,0,0,0
16.90,29,29,0,0,0,1,1,0,0,28,0,0,0
19.23,29,29,0,0,0,1,1,0,0,28,0,0,0
16.74,30,29,0,0,0,1,1,0,0,29,1,0,0
15.06,29,29,0,0,0,1,1,0,0,28,0,0,0
14.43,30,29,0,0,0,1,1,0,0,29,1,0,0
15.34,29,29,0,0,0,1,1,0,0,28,0,0,0
19.60,29,29,0,0,0,1,1,0,0,28,0,0,0
34.50,29,29,0,0,0,1,1,0,0,28,0,0,0
27.43,29,29,0,0,0,1,1,0,0,28,0,0,0
19.86,29,29,0,0,0,1,1,0,0,28,0,0,0
15.59,29,29,0,0,0,1,1,0,0,28,0,0,0
21.60,29,29,0,0,0,1,1,0,0,28,0,0,0
38.27,29,29,0,0,0,1,1,0,0,28,0,0,0
26.01,29,29,0,0,0,1,1,0,0,28,0,0,0
28.17,29,29,0,0,0,1,1,0,0,28,0,0,0
24.70,29,29,0,0,0,1,1,0,0,28,0,0,0
26.90,29,29,0,0,0,1,1,0,0,28,0,0,0
24.85,29,29,0,0,0,1,1,0,0,28,0,0,0
18.51,29,29,0,0,0,1,1,0,0,28,1,0,0
15.78,29,29,0,0,0,1,1,0,0,28,0,0,0
17.79,29,29,0,0,0,1,1,0,0,28,0,0,0
25.53,29,29,0,0,0,1,1,0,0,28,0,0,0
17.82,29,29,0,0,0,1,1,0,0,28,0,0,0
17.64,29,29,0,0,0,1,1,0,0,28,0,0,0
25.45,29,29,0,0,0,1,1,0,0,28,0,0,0
23.45,29,29,0,0,0,1,1,0,0,28,0,0,0
21.27,29,29,0,0,0,1,1,0,0,28,0,0,0
24.05,29,29,0,0,0,1,1,0,0,28,0,0,0
139.84,29,29,0,0,0,1,1,0,0,28,0,0,0
21.94,29,29,0,0,0,1,1,0,0,28,0,0,0
21.79,29,29,0,0,0,1,1,0,0,28,0,0,0
18.90,29,29,0,0,0,1,1,0,0,28,0,0,0
21.65,29,29,0,0,0,1,1,0,0,28,0,0,0
26.15,29,29,0,0,0,1,1,0,0,28,0,0,0
30.27,29,29,0,0,0,1,1,0,0,28,0,0,0
22.39,29,29,0,0,0,1,1,0,0,28,0,0,0
22.16,29,29,0,0,0,1,1,0,0,28,0,0,0
16.88,29,29,0,0,0,1,1,0,0,28,0,0,0
23.13,29,29,0,0,0,1,1,0,0,28,0,0,0
21.37,29,29,0,0,0,1,1,0,0,28,0,0,0
15.33,29,29,0,0,0,1,1,0,0,28,0,0,0
14.28,29,29,0,0,0,1,1,0,0,28,0,0,0
17.28,29,29,0,0,0,1,1,0,0,28,0,0,0
15.23,29,29,0,0,0,1,1,0,0,28,0,0,0
121.94,29,29,0,0,0,1,1,0,0,28,0,0,0
19.13,29,29,0,0,0,1,1,0,0,28,0,0,0
21.51,29,29,0,0,0,1,1,0,0,28,0,0,0
15.20,29,29,0,0,0,1,1,0,0,28,0,0,0
15.89,29,29,0,0,0,1,1,0,0,28,0,0,0
17.72,29,29,0,0,0,1,1,0,0,28,0,0,0
15.81,29,29,0,0,0,1,1,0,0,28,0,0,0
17.01,29,29,0,0,0,1,1,0,0,28,0,0,0
14.43,29,29,0,0,0,1,1,0,0,28,0,0,0
15.16,29,29,0,0,0,1,1,0,0,28,0,0,0
16.16,29,29,0,0,0,1,1,0,0,28,0,0,0
15.90,29,29,0,0,0,1,1,0,0,28,0,0,0
19.04,29,29,0,0,0,1,1,0,0,28,0,0,0
14.47,29,29,0,0,0,1,1,0,0,28,0,0,0
14.12,29,29,0,0,0,1,1,0,0,28,0,0,0
14.55,29,29,0,0,0,1,1,0,0,28,0,0,0
15.50,29,29,0,0,0,1,1,0,0,28,0,0,0
16.41,29,29,0,0,0,1,1,0,0,28,0,0,0
20.67,29,29,0,0,0,1,1,0,0,28,0,0,0
14.87,29,29,0,0,0,1,1,0,0,28,0,0,0
13.70,29,29,0,0,0,1,1,0,0,28,0,0,0
14.34,30,29,0,0,0,1,1,0,0,29,1,0,0
14.39,29,29,0,0,0,1,1,0,0,28,0,0,0
14.11,29,29,0,0,0,1,1,0,0,28,0,0,0
13.98,29,29,0,0,0,1,1,0,0,28,0,0,0
16.16,29,29,0,0,0,1,1,0,0,28,0,0,0
15.39,29,29,0,0,0,1,1,0,0,28,0,0,0
18.15,29,29,0,0,0,1,1,0,0,28,0,0,0
14.73,29,29,0,0,0,1,1,0,0,28,0,0,0
13.87,29,29,0,0,0,1,1,0,0,28,0,0,0
13.78,29,29,0,0,0,1,1,0,0,28,0,0,0
14.51,29,29,0,0,0,1,1,0,0,28,0,0,0
13.68,29,29,0,0,0,1,1,0,0,28,0,0,0
15.02,29,29,0,0,0,1,1,0,0,28,0,0,0
19.98,29,29,0,0,0,1,1,0,0,28,0,0,0
17.71,29,29,0,0,0,1,1,0,0,28,0,0,0
14.38,29,29,0,0,0,1,1,0,0,28,0,0,0
13.02,29,29,0,0,0,1,1,0,0,28,0,0,0
13.45,29,29,0,0,0,1,1,0,0,28,0,0,0
15.61,29,29,0,0,0,1,1,0,0,28,0,0,0
13.65,29,29,0,0,0,1,1,0,0,28,0,0,0
14.98,29,29,0,0,0,1,1,0,0,28,0,0,0
18.54,29,29,0,0,0,1,1,0,0,28,0,0,0
115.26,29,29,0,0,0,1,1,0,0,28,0,0,0
19.09,29,29,0,0,0,1,1,0,0,28,0,0,0
13.82,29,29,0,0,0,1,1,0,0,28,0,0,0
13.12,29,29,0,0,0,1,1,0,0,28,0,0,0
16.78,29,29,0,0,0,1,1,0,0,28,0,0,0
15.09,29,29,0,0,0,1,1,0,0,28,0,0,0
14.45,29,29,0,0,0,1,1,0,0,28,0,0,0
15.81,29,29,0,0,0,1,1,0,0,28,0,0,0
14.55,29,29,0,0,0,1,1,0,0,28,0,0,0
16.44,29,29,0,0,0,1,1,0,0,28,0,0,0
15.90,29,29,0,0,0,1,1,0,0,28,0,0,0
18.40,29,29,0,0,0,1,1,0,0,28,0,0,0
17.72,29,29,0,0,0,1,1,0,0,28,0,0,0
22.83,29,29,0,0,0,1,1,0,0,28,0,0,0
109.62,29,29,0,0,0,1,1,0,0,28,0,0,0
19.07,29,29,0,0,0,1,1,0,0,28,0,0,0
15.32,29,29,0,0,0,1,1,0,0,28,0,0,0
18.99,29,29,0,0,0,1,1,0,0,28,0,0,0
15.13,29,29,0,0,0,1,1,0,0,28,0,0,0
14.62,29,29,0,0,0,1,1,0,0,28,0,0,0
14.88,29,29,0,0,0,1,1,0,0,28,0,0,0
16.71,29,29,0,0,0,1,1,0,0,28,0,0,0
16.72,29,29,0,0,0,1,1,0,0,28,0,0,0
19.23,29,29,0,0,0,1,1,0,0,28,0,0,0
16.22,29,29,0,0,0,1,1,0,0,28,0,0,0
15.75,29,29,0,0,0,1,1,0,0,28,0,0,0
15.42,29,29,0,0,0,1,1,0,0,28,0,0,0
17.73,29,29,0,0,0,1,1,0,0,28,0,0,0
122.60,29,29,0,0,0,1,1,0,0,28,0,0,0
17.51,29,29,0,0,0,1,1,0,0,28,0,0,0
15.67,29,29,0,0,0,1,1,0,0,28,0,0,0
19.69,29,29,0,0,0,1,1,0,0,28,0,0,0
15.24,29,29,0,0,0,1,1,0,0,28,0,0,0
14.31,29,29,0,0,0,1,1,0,0,28,0,0,0
16.92,29,29,0,0,0,1,1,0,0,28,0,0,0
21.90,29,29,0,0,0,1,1,0,0,28,0,0,0
20.18,29,29,0,0,0,1,1,0,0,28,0,0,0
16.51,29,29,0,0,0,1,1,0,0,28,0,0,0
17.33,29,29,0,0,0,1,1,0,0,28,0,0,0
14.19,29,29,0,0,0,1,1,0,0,28,0,0,0
19.79,29,29,0,0,0,1,1,0,0,28,0,0,0
19.01,29,29,0,0,0,1,1,0,0,28,0,0,0
18.24,29,29,0,0,0,1,1,0,0,28,0,0,0
16.03,29,29,0,0,0,1,1,0,0,28,0,0,0
14.07,29,29,0,0,0,1,1,0,0,28,0,0,0
14.73,30,29,0,0,0,1,1,0,0,29,1,0,0
19.73,29,29,0,0,0,1,1,0,0,28,0,0,0
18.47,29,29,0,0,0,1,1,0,0,28,0,0,0
21.42,29,29,0,0,0,1,1,0,0,28,0,0,0
18.91,29,29,0,0,0,1,1,0,0,28,0,0,0
15.34,29,29,0,0,0,1,1,0,0,28,0,0,0
15.24,29,29,0,0,0,1,1,0,0,28,0,0,0
25.80,29,29,0,0,0,1,1,0,0,28,0,0,0
30.00,29,29,0,0,0,1,1,0,0,28,0,0,0
21.34,29,29,0,0,0,1,1,0,0,28,0,0,0
18.02,29,29,0,0,0,1,1,0,0,28,0,0,0
18.72,29,29,0,0,0,1,1,0,0,28,0,0,0
15.82,29,29,0,0,0,1,1,0,0,28,0,0,0
16.71,29,29,0,0,0,1,1,0,0,28,0,0,0
17.01,29,29,0,0,0,1,1,0,0,28,0,0,0
15.42,29,29,0,0,0,1,1,0,0,28,0,0,0
15.27,29,29,0,0,0,1,1,0,0,28,0,0,0
13.98,29,29,0,0,0,1,1,0,0,28,0,0,0
14.99,29,29,0,0,0,1,1,0,0,28,0,0,0
15.29,29,29,0,0,0,1,1,0,0,28,0,0,0
17.49,29,29,0,0,0,1,1,0,0,28,0,0,0
21.42,29,29,0,0,0,1,1,0,0,28,0,0,0
18.14,29,29,0,0,0,1,1,0,0,28,0,0,0
20.55,29,29,0,0,0,1,1,0,0,28,0,0,0
21.37,29,29,0,0,0,1,1,0,0,28,0,0,0
18.91,29,29,0,0,0,1,1,0,0,28,0,0,0
18.58,29,29,0,0,0,1,1,0,0,28,0,0,0
18.51,29,29,0,0,0,1,1,0,0,28,0,0,0
20.12,29,29,0,0,0,1,1,0,0,28,0,0,0
17.13,29,29,0,0,0,1,1,0,0,28,0,0,0
14.96,29,29,0,0,0,1,1,0,0,28,0,0,0
15.95,29,29,0,0,0,1,1,0,0,28,0,0,0
15.43,29,29,0,0,0,1,1,0,0,28,0,0,0
14.91,29,29,0,0,0,1,1,0,0,28,0,0,0
18.06,29,29,0,0,0,1,1,0,0,28,0,0,0
16.88,29,29,0,0,0,1,1,0,0,28,0,0,0
14.05,29,29,0,0,0,1,1,0,0,28,0,0,0
14.64,29,29,0,0,0,1,1,0,0,28,0,0,0
15.53,29,29,0,0,0,1,1,0,0,28,0,0,0
14.27,29,29,0,0,0,1,1,0,0,28,0,0,0
20.80,29,29,0,0,0,1,1,0,0,28,0,0,0
20.31,29,29,0,0,0,1,1,0,0,28,0,0,0
18.65,29,29,0,0,0,1,1,0,0,28,0,0,0
15.87,29,29,0,0,0,1,1,0,0,28,0,0,0
15.80,29,29,0,0,0,1,1,0,0,28,0,0,0
15.21,29,29,0,0,0,1,1,0,0,28,0,0,0
16.12,29,29,0,0,0,1,1,0,0,28,0,0,0
15.87,29,29,0,0,0,1,1,0,0,28,0,0,0
17.01,29,29,0,0,0,1,1,0,0,28,0,0,0
13.93,29,29,0,0,0,1,1,0,0,28,0,0,0
16.17,29,29,0,0,0,1,1,0,0,28,0,0,0
13.85,37,30,0,0,0,1,1,0,0,36,1,0,0
18.29,37,30,0,0,0,1,1,0,0,36,0,0,0
14.63,37,30,0,0,0,1,1,0,0,36,0,0,0
15.01,37,30,0,0,0,1,1,0,0,36,0,0,0
13.20,37,30,0,0,0,1,1,0,0,36,0,0,0
14.44,37,30,0,0,0,1,1,0,0,36,0,0,0
14.60,37,30,0,0,0,1,1,0,0,36,0,0,0
14.07,37,30,0,0,0,1,1,0,0,36,0,0,0
12.46,37,30,0,0,0,1,1,0,0,36,0,0,0
18.03,37,30,0,0,0,1,1,0,0,36,0,0,0
16.67,37,30,0,0,0,1,1,0,0,36,0,0,0
15.94,37,30,0,0,0,1,1,0,0,36,0,0,0
15.02,37,30,0,0,0,1,1,0,0,36,0,0,0
14.34,37,30,0,0,0,1,1,0,0,36,1,0,0
15.70,37,30,0,0,0,1,1,0,0,36,0,0,0
15.89,37,30,0,0,0,1,1,0,0,36,0,0,0
14.43,37,30,0,0,0,1,1,0,0,36,0,0,0
14.04,37,30,0,0,0,1,1,0,0,36,0,0,0
17.62,37,30,0,0,0,1,1,0,0,36,0,0,0
109.93,37,30,0,0,0,1,1,0,0,36,0,0,0
18.19,37,30,0,0,0,1,1,0,0,36,0,0,0
14.52,37,30,0,0,0,1,1,0,0,36,0,0,0
15.16,37,30,0,0,0,1,1,0,0,36,0,0,0
12.82,37,30,0,0,0,1,1,0,0,36,0,0,0
13.20,37,30,0,0,0,1,1,0,0,36,0,0,0
16.50,37,30,0,0,0,1,1,0,0,36,0,0,0
14.46,37,30,0,0,0,1,1,0,0,36,0,0,0
14.01,37,30,0,0,0,1,1,0,0,36,0,0,0
14.31,37,30,0,0,0,1,1,0,0,36,0,0,0
15.84,37,30,0,0,0,1,1,0,0,36,0,0,0
15.17,37,30,0,0,0,1,1,0,0,36,0,0,0
13.09,37,30,0,0,0,1,1,0,0,36,0,0,0
23.46,37,30,0,0,0,1,1,0,0,36,0,0,0
33.04,37,30,0,0,0,1,1,0,0,36,0,0,0
21.08,37,30,0,0,0,1,1,0,0,36,0,0,0
23.40,37,30,0,0,0,1,1,0,0,36,0,0,0
16.93,37,30,0,0,0,1,1,0,0,36,0,0,0
15.91,37,30,0,0,0,1,1,0,0,36,0,0,0
20.03,37,30,0,0,0,1,1,0,0,36,0,0,0
18.43,37,30,0,0,0,1,1,0,0,36,0,0,0
14.63,37,30,0,0,0,1,1,0,0,36,0,0,0
13.40,37,30,0,0,0,1,1,0,0,36,0,0,0
15.16,37,30,0,0,0,1,1,0,0,36,0,0,0
14.23,37,30,0,0,0,1,1,0,0,36,0,0,0
17.23,37,30,0,0,0,1,1,0,0,36,0,0,0
15.66,37,30,0,0,0,1,1,0,0,36,1,0,0
16.02,37,30,0,0,0,1,1,0,0,36,0,0,0
13.20,38,30,0,0,0,1,1,0,0,37,1,0,0
14.23,37,30,0,0,0,1,1,0,0,36,0,0,0
13.92,37,30,0,0,0,1,1,0,0,36,0,0,0
13.45,37,30,0,0,0,1,1,0,0,36,0,0,0
13.31,37,30,0,0,0,1,1,0,0,36,0,0,0
13.20,37,30,0,0,0,1,1,0,0,36,0,0,0
17.53,37,30,0,0,0,1,1,0,0,36,0,0,0
14.70,37,30,0,0,0,1,1,0,0,36,0,0,0
16.56,37,30,0,0,0,1,1,0,0,36,0,0,0
14.32,37,30,0,0,0,1,1,0,0,36,0,0,0
15.37,37,30,0,0,0,1,1,0,0,36,0,0,0
16.07,37,30,0,0,0,1,1,0,0,36,0,0,0
18.09,37,30,0,0,0,1,1,0,0,36,0,0,0
13.06,37,30,0,0,0,1,1,0,0,36,0,0,0
13.94,37,30,0,0,0,1,1,0,0,36,0,0,0
13.72,37,30,0,0,0,1,1,0,0,36,0,0,0
13.62,37,30,0,0,0,1,1,0,0,36,0,0,0
14.86,37,30,0,0,0,1,1,0,0,36,0,0,0
14.14,37,30,0,0,0,1,1,0,0,36,0,0,0
16.24,37,30,0,0,0,1,1,0,0,36,0,0,0
15.47,37,30,0,0,0,1,1,0,0,36,0,0,0
18.68,37,30,0,0,0,1,1,0,0,36,0,0,0
16.59,37,30,0,0,0,1,1,0,0,36,0,0,0
12.54,37,30,0,0,0,1,1,0,0,36,0,0,0
13.94,37,30,0,0,0,1,1,0,0,36,0,0,0
15.77,37,30,0,0,0,1,1,0,0,36,0,0,0
14.33,37,30,0,0,0,1,1,0,0,36,0,0,0
13.77,37,30,0,0,0,1,1,0,0,36,0,0,0
17.63,37,30,0,0,0,1,1,0,0,36,0,0,0
16.72,37,30,0,0,0,1,1,0,0,36,0,0,0
16.05,37,30,0,0,0,1,1,0,0,36,0,0,0
14.97,37,30,0,0,0,1,1,0,0,36,0,0,0
22.79,37,30,0,0,0,1,1,0,0,36,0,0,0
18.62,37,30,0,0,0,1,1,0,0,36,0,0,0
20.67,37,30,0,0,0,1,1,0,0,36,0,0,0
19.24,37,30,0,0,0,1,1,0,0,36,0,0,0
16.46,37,30,0,0,0,1,1,0,0,36,0,0,0
15.89,37,30,0,0,0,1,1,0,0,36,0,0,0
14.75,37,30,0,0,0,1,1,0,0,36,0,0,0
14.02,37,30,0,0,0,1,1,0,0,36,0,0,0
19.35,48,41,0,0,0,1,1,0,0,47,0,0,0
15.59,48,41,0,0,0,1,1,0,0,47,0,0,0
16.79,48,41,0,0,0,1,1,0,0,47,0,0,0
15.69,48,41,0,0,0,1,1,0,0,47,0,0,0
16.01,48,41,0,0,0,1,1,0,0,47,0,0,0
14.53,48,41,0,0,0,1,1,0,0,47,0,0,0
16.32,48,41,0,0,0,1,1,0,0,47,0,0,0
16.25,48,41,0,0,0,1,1,0,0,47,0,0,0
17.59,48,41,0,0,0,1,1,0,0,47,0,0,0
18.27,48,41,0,0,0,1,1,0,0,47,0,0,0
20.99,48,41,0,0,0,1,1,0,0,47,0,0,0
21.32,48,41,0,0,0,1,1,0,0,47,0,0,0
15.49,48,41,0,0,0,1,1,0,0,47,0,0,0
18.15,48,41,0,0,0,1,1,0,0,47,0,0,0
17.45,48,41,0,0,0,1,1,0,0,47,0,0,0
16.00,48,41,0,0,0,1,1,0,0,47,0,0,0
14.90,48,41,0,0,0,1,1,0,0,47,0,0,0
14.20,48,41,0,0,0,1,1,0,0,47,0,0,0
17.09,48,41,0,0,0,1,1,0,0,47,0,0,0
16.43,48,41,0,0,0,1,1,0,0,47,0,0,0
17.02,48,41,0,0,0,1,1,0,0,47,0,0,0
21.80,49,42,0,0,0,1,1,0,0,48,0,0,0
17.03,49,42,0,0,0,1,1,0,0,48,0,0,0
14.00,49,42,0,0,0,1,1,0,0,48,0,0,0
15.69,49,42,0,0,0,1,1,0,0,48,0,0,0
14.82,49,42,0,0,0,1,1,0,0,48,0,0,0
13.99,49,42,0,0,0,1,1,0,0,48,0,0,0
15.40,49,42,0,0,0,1,1,0,0,48,0,0,0
20.40,49,42,0,0,0,1,1,0,0,48,0,0,0
14.84,49,42,0,0,0,1,1,0,0,48,0,0,0
13.78,49,42,0,0,0,1,1,0,0,48,0,0,0
14.20,49,42,0,0,0,1,1,0,0,48,0,0,0
14.98,49,42,0,0,0,1,1,0,0,48,0,0,0
17.01,49,42,0,0,0,1,1,0,0,48,0,0,0
17.98,49,42,0,0,0,1,1,0,0,48,0,0,0
13.58,49,42,0,0,0,1,1,0,0,48,0,0,0
15.03,49,42,0,0,0,1,1,0,0,48,0,0,0
13.56,49,42,0,0,0,1,1,0,0,48,0,0,0
13.61,49,42,0,0,0,1,1,0,0,48,0,0,0
13.34,49,42,0,0,0,1,1,0,0,48,0,0,0
16.74,49,42,0,0,0,1,1,0,0,48,0,0,0
16.34,49,42,0,0,0,1,1,0,0,48,0,0,0
24.39,49,42,0,0,0,1,1,0,0,48,0,0,0
16.84,49,42,0,0,0,1,1,0,0,48,0,0,0
22.78,49,42,0,0,0,1,1,0,0,48,0,0,0
23.21,49,42,0,0,0,1,1,0,0,48,0,0,0
22.33,49,42,0,0,0,1,1,0,0,48,0,0,0
17.61,49,42,0,0,0,1,1,0,0,48,0,0,0
21.05,49,42,0,0,0,1,1,0,0,48,0,0,0
18.67,49,42,0,0,0,1,1,0,0,48,0,0,0
26.75,49,42,0,0,0,1,1,0,0,48,0,0,0
32.39,49,42,0,0,0,1,1,0,0,48,0,0,0
29.18,49,42,0,0,0,1,1,0,0,48,0,0,0
24.77,49,42,0,0,0,1,1,0,0,48,0,0,0
22.58,49,42,0,0,0,1,1,0,0,48,0,0,0
24.97,49,42,0,0,0,1,1,0,0,48,0,0,0
27.61,49,42,0,0,0,1,1,0,0,48,0,0,0
23.10,49,42,0,0,0,1,1,0,0,48,0,0,0
19.17,49,42,0,0,0,1,1,0,0,48,0,0,0
20.25,49,42,0,0,0,1,1,0,0,48,0,0,0
23.29,49,42,0,0,0,1,1,0,0,48,0,0,0
26.63,49,42,0,0,0,1,1,0,0,48,0,0,0
24.20,50,42,0,0,0,1,1,0,0,49,1,0,0
19.57,49,42,0,0,0,1,1,0,0,48,0,0,0
24.75,50,42,0,0,0,1,1,0,0,49,1,0,0
28.09,48,41,0,0,0,1,1,0,0,47,0,0,0
33.86,49,42,0,0,0,1,1,0,0,48,1,0,0
30.78,49,42,0,0,0,1,1,0,0,48,0,0,0
33.30,49,42,0,0,0,1,1,0,0,48,1,0,0
30.29,49,42,0,0,0,1,1,0,0,48,0,0,0
25.12,49,42,0,0,0,1,1,0,0,48,1,0,0
16.79,49,42,0,0,0,1,1,0,0,48,0,0,0
19.74,49,42,0,0,0,1,1,0,0,48,0,0,0
19.48,49,42,0,0,0,1,1,0,0,48,0,0,0
20.79,49,42,0,0,0,1,1,0,0,48,0,0,0
19.91,49,42,0,0,0,1,1,0,0,48,0,0,0
17.91,49,42,0,0,0,1,1,0,0,48,0,0,0
19.12,49,42,0,0,0,1,1,0,0,48,0,0,0
19.65,49,42,0,0,0,1,1,0,0,48,0,0,0
21.23,49,42,0,0,0,1,1,0,0,48,0,0,0
19.18,49,42,0,0,0,1,1,0,0,48,0,0,0
20.03,49,42,0,0,0,1,1,0,0,48,0,0,0
17.82,49,42,0,0,0,1,1,0,0,48,0,0,0
29.77,49,42,0,0,0,1,1,0,0,48,0,0,0
26.62,49,42,0,0,0,1,1,0,0,48,0,0,0
24.94,49,42,0,0,0,1,1,0,0,48,0,0,0
22.74,49,42,0,0,0,1,1,0,0,48,0,0,0
23.08,49,42,0,0,0,1,1,0,0,48,0,0,0
24.44,49,42,0,0,0,1,1,0,0,48,0,0,0
16.76,49,42,0,0,0,1,1,0,0,48,0,0,0
15.68,49,42,0,0,0,1,1,0,0,48,0,0,0
16.31,49,42,0,0,0,1,1,0,0,48,0,0,0
16.53,49,42,0,0,0,1,1,0,0,48,0,0,0
116.37,49,42,0,0,0,1,1,0,0,48,0,0,0
16.58,49,42,0,0,0,1,1,0,0,48,0,0,0
13.45,49,42,0,0,0,1,1,0,0,48,0,0,0
14.00,49,42,0,0,0,1,1,0,0,48,0,0,0
15.51,49,42,0,0,0,1,1,0,0,48,0,0,0
16.25,49,42,0,0,0,1,1,0,0,48,0,0,0
14.99,49,42,0,0,0,1,1,0,0,48,0,0,0
14.42,49,42,0,0,0,1,1,0,0,48,0,0,0
13.76,49,42,0,0,0,1,1,0,0,48,0,0,0
14.55,49,42,0,0,0,1,1,0,0,48,0,0,0
13.97,49,42,0,0,0,1,1,0,0,48,0,0,0
14.31,49,42,0,0,0,1,1,0,0,48,0,0,0
